Data Source,Indicadores del desarrollo mundial,,,,,,,,,,,,,,,,,,,,,,,,,,,,,,,,,,,,,,,,,,,,,,,,,,,,,,,,,,,,,,,,
Last Updated Date,20/07/2022,,,,,,,,,,,,,,,,,,,,,,,,,,,,,,,,,,,,,,,,,,,,,,,,,,,,,,,,,,,,,,,,
,,,,,,,,,,,,,,,,,,,,,,,,,,,,,,,,,,,,,,,,,,,,,,,,,,,,,,,,,,,,,,,,,
Country Name,Country Code,Indicator Name,Indicator Code,1960,1961,1962,1963,1964,1965,1966,1967,1968,1969,1970,1971,1972,1973,1974,1975,1976,1977,1978,1979,1980,1981,1982,1983,1984,1985,1986,1987,1988,1989,1990,1991,1992,1993,1994,1995,1996,1997,1998,1999,2000,2001,2002,2003,2004,2005,2006,2007,2008,2009,2010,2011,2012,2013,2014,2015,2016,2017,2018,2019,2020,2021
Aruba,ABW,Emisiones de metano (kt de equivalente de CO2),EN.ATM.METH.KT.CE,,,,,,,,,,,,,,,,,,,,,,,,,,,,,,,,,,,,,,,,,,,,,,,,,,,,,,,,,,,,,,
,AFE,Emisiones de metano (kt de equivalente de CO2),EN.ATM.METH.KT.CE,,,,,,,,,,,,,,,,,,,,,,,,,,,,,,,320590.00,321170.00,326880.00,330320.00,339340.00,347470.00,351490.00,359480.01,377549.99,380660.00,380560.00,382970.00,403830.00,416980.00,425990.00,443060.00,442300.00,468920.00,486810.00,487680.00,503890.01,508730.00,494580.00,496860.00,501330.00,509910.00,515160.00,518240.00,520000.00,525300.00,,
Afganistán,AFG,Emisiones de metano (kt de equivalente de CO2),EN.ATM.METH.KT.CE,,,,,,,,,,,,,,,,,,,,,,,,,,,,,,,6740.00,7020.00,7130.00,7210.00,7470.00,7830.00,8670.00,9400.00,9960.00,10780.00,9560.00,8350.00,10200.00,10510.00,10500.00,10730.00,11180.00,11610.00,12900.00,13390.00,15200.00,15500.00,15630.00,15820.00,16300.00,15960.00,15830.00,15610.00,15910.00,16370.00,,
,AFW,Emisiones de metano (kt de equivalente de CO2),EN.ATM.METH.KT.CE,,,,,,,,,,,,,,,,,,,,,,,,,,,,,,,225170.00,244580.00,253970.00,259030.00,264790.00,263710.00,269409.99,266670.00,262830.00,255050.00,261660.00,261810.00,257370.00,273290.00,279450.00,289690.00,288470.00,286410.00,287830.00,284060.00,300400.00,308020.00,310790.00,315620.00,323400.01,330440.00,343200.00,349770.00,359360.01,366630.00,,
Angola,AGO,Emisiones de metano (kt de equivalente de CO2),EN.ATM.METH.KT.CE,,,,,,,,,,,,,,,,,,,,,,,,,,,,,,,21220.00,21490.00,21950.00,22580.00,23480.00,25230.00,25390.00,25690.00,27890.00,27090.00,27080.00,27090.00,28610.00,30730.00,31620.00,33100.00,32590.00,35330.00,36400.00,35530.00,36900.00,36640.00,35770.00,35760.00,34900.00,37110.00,37430.00,37620.00,34000.00,35090.00,,
Albania,ALB,Emisiones de metano (kt de equivalente de CO2),EN.ATM.METH.KT.CE,,,,,,,,,,,,,,,,,,,,,,,,,,,,,,,3540.00,3500.00,3410.00,3490.00,4080.00,4080.00,3910.00,3700.00,3560.00,3610.00,3670.00,3610.00,3560.00,3570.00,3500.00,3490.00,3440.00,3300.00,3130.00,3020.00,3030.00,3020.00,3060.00,3060.00,3090.00,3110.00,3090.00,3050.00,3010.00,2850.00,,
Andorra,AND,Emisiones de metano (kt de equivalente de CO2),EN.ATM.METH.KT.CE,,,,,,,,,,,,,,,,,,,,,,,,,,,,,,,20.00,20.00,20.00,30.00,30.00,30.00,30.00,30.00,30.00,30.00,30.00,30.00,40.00,40.00,40.00,40.00,40.00,50.00,50.00,50.00,50.00,50.00,50.00,50.00,50.00,50.00,50.00,50.00,50.00,50.00,,
El mundo árabe,ARB,Emisiones de metano (kt de equivalente de CO2),EN.ATM.METH.KT.CE,,,,,,,,,,,,,,,,,,,,,,,,,,,,,,,407350.00,394510.00,409310.00,435070.00,457850.00,473230.00,484769.99,506850.00,530690.00,541429.99,565070.01,555350.00,552450.00,569779.99,589840.00,610509.99,621190.00,625570.01,640569.99,628790.00,647360.00,629390.00,684220.01,669139.99,660750.00,671170.00,696080.00,715760.00,733430.01,747469.99,,
Emiratos Árabes Unidos,ARE,Emisiones de metano (kt de equivalente de CO2),EN.ATM.METH.KT.CE,,,,,,,,,,,,,,,,,,,,,,,,,,,,,,,16460.00,17870.00,17810.00,18280.00,19670.00,20370.00,21290.00,21520.00,21470.00,20970.00,22000.00,23520.00,23720.00,26970.00,28540.00,30890.00,32700.00,33440.00,34840.00,34070.00,35720.00,38360.00,40310.00,42440.00,42870.00,45710.00,47360.00,46900.00,47460.00,49800.00,,
Argentina,ARG,Emisiones de metano (kt de equivalente de CO2),EN.ATM.METH.KT.CE,,,,,,,,,,,,,,,,,,,,,,,,,,,,,,,109580.00,108710.00,110650.00,109540.00,110490.00,111970.00,110720.00,111150.00,110140.00,114050.00,115920.00,116090.00,119340.00,126970.00,128810.00,128270.00,130539.99,130810.00,130190.00,124010.00,115950.00,115250.00,118710.00,120360.00,121540.00,122010.00,123600.00,127550.00,127540.00,128800.00,,
Armenia,ARM,Emisiones de metano (kt de equivalente de CO2),EN.ATM.METH.KT.CE,,,,,,,,,,,,,,,,,,,,,,,,,,,,,,,3650.00,3450.00,3160.00,2900.00,2730.00,2570.00,2410.00,2260.00,2060.00,1910.00,1800.00,1850.00,1900.00,1950.00,2010.00,2050.00,2090.00,2170.00,2210.00,2170.00,2200.00,2210.00,2270.00,2360.00,2410.00,2470.00,2490.00,2430.00,2350.00,2320.00,,
Samoa Americana,ASM,Emisiones de metano (kt de equivalente de CO2),EN.ATM.METH.KT.CE,,,,,,,,,,,,,,,,,,,,,,,,,,,,,,,,,,,,,,,,,,,,,,,,,,,,,,,,,,,,,,
Antigua y Barbuda,ATG,Emisiones de metano (kt de equivalente de CO2),EN.ATM.METH.KT.CE,,,,,,,,,,,,,,,,,,,,,,,,,,,,,,,130.00,130.00,140.00,140.00,150.00,150.00,160.00,160.00,170.00,170.00,180.00,180.00,180.00,190.00,190.00,190.00,190.00,200.00,200.00,200.00,190.00,190.00,190.00,190.00,190.00,200.00,200.00,200.00,200.00,200.00,,
Australia,AUS,Emisiones de metano (kt de equivalente de CO2),EN.ATM.METH.KT.CE,,,,,,,,,,,,,,,,,,,,,,,,,,,,,,,138830.00,138670.00,136660.00,135220.00,136210.01,134810.00,127370.00,127810.00,131110.00,145850.01,156050.00,166110.00,159490.01,119970.00,140380.00,121080.00,139660.00,136690.00,120490.00,124270.00,114900.00,164060.00,162620.00,125680.00,137670.00,134160.00,118380.00,141300.00,140600.01,126070.00,,
Austria,AUT,Emisiones de metano (kt de equivalente de CO2),EN.ATM.METH.KT.CE,,,,,,,,,,,,,,,,,,,,,,,,,,,,,,,11850.00,11850.00,11650.00,11330.00,10930.00,10440.00,10270.00,9950.00,9670.00,9540.00,9280.00,9170.00,9050.00,8900.00,8810.00,8620.00,8490.00,8330.00,8250.00,8070.00,8110.00,7920.00,7770.00,7630.00,7440.00,7390.00,7310.00,7270.00,7040.00,6920.00,,
Azerbaiyán,AZE,Emisiones de metano (kt de equivalente de CO2),EN.ATM.METH.KT.CE,,,,,,,,,,,,,,,,,,,,,,,,,,,,,,,19220.00,18180.00,16050.00,11220.00,6560.00,6680.00,6470.00,6560.00,6900.00,7440.00,7560.00,8090.00,8220.00,8400.00,8620.00,9590.00,10830.00,12240.00,13550.00,13940.00,14020.00,13750.00,14010.00,14320.00,14270.00,14230.00,14130.00,13870.00,14220.00,14670.00,,
Burundi,BDI,Emisiones de metano (kt de equivalente de CO2),EN.ATM.METH.KT.CE,,,,,,,,,,,,,,,,,,,,,,,,,,,,,,,600.00,610.00,620.00,600.00,540.00,550.00,550.00,570.00,500.00,510.00,520.00,540.00,520.00,540.00,570.00,600.00,660.00,700.00,750.00,830.00,930.00,1010.00,1010.00,1210.00,1170.00,1160.00,1320.00,1610.00,1610.00,1350.00,,
Bélgica,BEL,Emisiones de metano (kt de equivalente de CO2),EN.ATM.METH.KT.CE,,,,,,,,,,,,,,,,,,,,,,,,,,,,,,,13260.00,13350.00,13160.00,12970.00,13010.00,13130.00,13010.00,12820.00,12550.00,12610.00,12140.00,11630.00,11080.00,10400.00,10260.00,9990.00,9830.00,9650.00,9450.00,9360.00,9240.00,8990.00,8830.00,8610.00,8540.00,8530.00,8450.00,8170.00,8190.00,8080.00,,
Benin,BEN,Emisiones de metano (kt de equivalente de CO2),EN.ATM.METH.KT.CE,,,,,,,,,,,,,,,,,,,,,,,,,,,,,,,2220.00,2310.00,2360.00,2370.00,2530.00,2360.00,2720.00,2800.00,2930.00,2840.00,3080.00,2660.00,2920.00,2850.00,2810.00,3180.00,3070.00,3160.00,3070.00,3150.00,3120.00,3240.00,3300.00,3510.00,3470.00,3530.00,3690.00,3720.00,3820.00,3910.00,,
Burkina Faso,BFA,Emisiones de metano (kt de equivalente de CO2),EN.ATM.METH.KT.CE,,,,,,,,,,,,,,,,,,,,,,,,,,,,,,,6750.00,6960.00,7150.00,7290.00,7470.00,7700.00,7690.00,7990.00,8050.00,8060.00,8630.00,8380.00,8710.00,10750.00,11080.00,11400.00,11330.00,11610.00,12010.00,12440.00,13040.00,13300.00,13370.00,13760.00,14060.00,14260.00,15030.00,15260.00,15430.00,15850.00,,
Bangladesh,BGD,Emisiones de metano (kt de equivalente de CO2),EN.ATM.METH.KT.CE,,,,,,,,,,,,,,,,,,,,,,,,,,,,,,,66260.00,66360.00,67180.00,67500.00,68470.00,69340.00,69050.00,69590.00,69270.00,71380.00,72140.00,72490.00,73960.00,75100.00,75110.00,77030.00,78510.00,79530.00,82470.00,83870.00,85580.00,86280.00,87000.00,88000.00,88740.00,89830.00,89900.00,92430.00,92050.00,92650.00,,
Bulgaria,BGR,Emisiones de metano (kt de equivalente de CO2),EN.ATM.METH.KT.CE,,,,,,,,,,,,,,,,,,,,,,,,,,,,,,,16370.00,15350.00,14810.00,13510.00,11720.00,12010.00,12060.00,11570.00,11060.00,10650.00,10580.00,9970.00,9440.00,9840.00,9330.00,8910.00,8520.00,8590.00,8320.00,7970.00,7810.00,8070.00,7780.00,7520.00,7500.00,7420.00,7130.00,7100.00,6960.00,6840.00,,
Bahrein,BHR,Emisiones de metano (kt de equivalente de CO2),EN.ATM.METH.KT.CE,,,,,,,,,,,,,,,,,,,,,,,,,,,,,,,4820.00,4820.00,5070.00,5250.00,5390.00,5890.00,6430.00,7080.00,7670.00,8220.00,8770.00,9090.00,9420.00,9740.00,9980.00,10480.00,11090.00,11700.00,12350.00,12860.00,13480.00,13900.00,14140.00,15030.00,15480.00,15800.00,16240.00,16610.00,16900.00,17410.00,,
Bahamas,BHS,Emisiones de metano (kt de equivalente de CO2),EN.ATM.METH.KT.CE,,,,,,,,,,,,,,,,,,,,,,,,,,,,,,,150.00,150.00,150.00,150.00,150.00,160.00,160.00,160.00,170.00,170.00,170.00,170.00,170.00,170.00,190.00,180.00,180.00,190.00,200.00,190.00,190.00,200.00,200.00,210.00,200.00,210.00,210.00,220.00,210.00,220.00,,
Bosnia y Herzegovina,BIH,Emisiones de metano (kt de equivalente de CO2),EN.ATM.METH.KT.CE,,,,,,,,,,,,,,,,,,,,,,,,,,,,,,,5170.00,5100.00,3340.00,2560.00,2500.00,2280.00,2520.00,2960.00,3240.00,3380.00,3530.00,3510.00,2890.00,3120.00,3310.00,3410.00,3610.00,3790.00,3880.00,3990.00,3800.00,3880.00,3800.00,3800.00,3550.00,3600.00,3580.00,3520.00,3700.00,3660.00,,
Belarús,BLR,Emisiones de metano (kt de equivalente de CO2),EN.ATM.METH.KT.CE,,,,,,,,,,,,,,,,,,,,,,,,,,,,,,,20530.00,20110.00,18000.00,17090.00,16240.00,15420.00,15160.00,14950.00,14880.00,14720.00,14330.00,14090.00,13890.00,13960.00,14390.00,14150.00,14550.00,14950.00,15770.00,15830.00,16300.00,15980.00,16250.00,16920.00,16990.00,17230.00,16810.00,17010.00,17030.00,17020.00,,
Belice,BLZ,Emisiones de metano (kt de equivalente de CO2),EN.ATM.METH.KT.CE,,,,,,,,,,,,,,,,,,,,,,,,,,,,,,,6110.00,6220.00,6360.00,6470.00,6590.00,5500.00,4440.00,3380.00,2320.00,1260.00,180.00,210.00,230.00,250.00,250.00,260.00,320.00,370.00,420.00,470.00,520.00,530.00,500.00,520.00,470.00,460.00,480.00,500.00,510.00,530.00,,
Bermudas,BMU,Emisiones de metano (kt de equivalente de CO2),EN.ATM.METH.KT.CE,,,,,,,,,,,,,,,,,,,,,,,,,,,,,,,,,,,,,,,,,,,,,,,,,,,,,,,,,,,,,,
Bolivia,BOL,Emisiones de metano (kt de equivalente de CO2),EN.ATM.METH.KT.CE,,,,,,,,,,,,,,,,,,,,,,,,,,,,,,,15790.00,16330.00,16750.00,16260.00,16010.00,15400.00,15540.00,16520.00,16600.00,17140.00,17440.00,17530.00,19080.00,19360.00,21110.00,22370.00,22490.00,23040.00,23450.00,23360.00,25660.00,25570.00,26510.00,27510.00,27490.00,27940.00,28410.00,28230.00,27880.00,28360.00,,
Brasil,BRA,Emisiones de metano (kt de equivalente de CO2),EN.ATM.METH.KT.CE,,,,,,,,,,,,,,,,,,,,,,,,,,,,,,,282299.99,291440.00,296790.01,297870.00,304200.01,310160.00,299720.00,306560.00,314570.01,319540.01,327109.99,340000.00,358970.00,375100.01,391810.00,399340.00,396350.01,397070.01,396510.01,399910.00,419390.01,418760.01,421010.01,418519.99,424290.01,430370.00,432380.00,430140.01,424649.99,431070.01,,
Barbados,BRB,Emisiones de metano (kt de equivalente de CO2),EN.ATM.METH.KT.CE,,,,,,,,,,,,,,,,,,,,,,,,,,,,,,,2070.00,2110.00,2150.00,2180.00,2220.00,2230.00,2240.00,2250.00,2260.00,2270.00,2280.00,2270.00,2270.00,2270.00,2270.00,2270.00,2270.00,2270.00,2280.00,2290.00,2290.00,2300.00,2310.00,2310.00,2320.00,2320.00,2330.00,2340.00,2340.00,2350.00,,
Brunei Darussalam,BRN,Emisiones de metano (kt de equivalente de CO2),EN.ATM.METH.KT.CE,,,,,,,,,,,,,,,,,,,,,,,,,,,,,,,1320.00,1410.00,1490.00,1570.00,1530.00,1560.00,1530.00,1550.00,1470.00,1630.00,1730.00,1670.00,1770.00,1880.00,1880.00,1840.00,2040.00,1920.00,2000.00,1800.00,1800.00,1860.00,1820.00,1660.00,1660.00,1570.00,1570.00,1640.00,1620.00,1590.00,,
Bhután,BTN,Emisiones de metano (kt de equivalente de CO2),EN.ATM.METH.KT.CE,,,,,,,,,,,,,,,,,,,,,,,,,,,,,,,560.00,570.00,540.00,540.00,540.00,590.00,570.00,570.00,560.00,590.00,560.00,510.00,510.00,510.00,510.00,580.00,570.00,580.00,510.00,540.00,540.00,540.00,530.00,540.00,510.00,490.00,490.00,500.00,480.00,470.00,,
Botswana,BWA,Emisiones de metano (kt de equivalente de CO2),EN.ATM.METH.KT.CE,,,,,,,,,,,,,,,,,,,,,,,,,,,,,,,5630.00,5300.00,5100.00,4920.00,5170.00,5650.00,6260.00,5990.00,5530.00,5500.00,5310.00,6270.00,6260.00,2900.00,3150.00,3700.00,4670.00,3720.00,7880.00,3630.00,9060.00,11140.00,5190.00,4620.00,3130.00,2890.00,2470.00,3840.00,2790.00,2020.00,,
República Centroafricana,CAF,Emisiones de metano (kt de equivalente de CO2),EN.ATM.METH.KT.CE,,,,,,,,,,,,,,,,,,,,,,,,,,,,,,,8680.00,8880.00,8900.00,8920.00,9000.00,9080.00,10060.00,10160.00,11130.00,10030.00,11460.00,9650.00,8590.00,11060.00,9830.00,10360.00,10450.00,10690.00,11240.00,9090.00,10130.00,10840.00,9470.00,10090.00,9880.00,10050.00,10950.00,10240.00,10530.00,9510.00,,
Canadá,CAN,Emisiones de metano (kt de equivalente de CO2),EN.ATM.METH.KT.CE,,,,,,,,,,,,,,,,,,,,,,,,,,,,,,,68970.00,70230.00,72710.00,74300.00,76010.00,79020.00,81020.00,82180.00,84600.00,84000.00,84630.00,85720.00,87330.00,87910.00,90430.00,91310.00,93160.00,91980.00,88220.00,85130.00,85560.00,86580.00,87010.00,89810.00,91930.00,92210.00,94450.00,98660.00,101730.00,101700.00,,
Europa Central y del Báltico,CEB,Emisiones de metano (kt de equivalente de CO2),EN.ATM.METH.KT.CE,,,,,,,,,,,,,,,,,,,,,,,,,,,,,,,155060.00,147230.00,139560.00,131480.00,124040.00,120540.00,119810.00,117760.00,113650.00,110460.00,107050.00,104330.00,103010.00,103940.00,102130.00,102010.00,101930.00,101020.00,100250.00,98200.00,98430.00,95340.00,94230.00,92790.00,91500.00,91100.00,89500.00,89720.00,88660.00,87980.00,,
Suiza,CHE,Emisiones de metano (kt de equivalente de CO2),EN.ATM.METH.KT.CE,,,,,,,,,,,,,,,,,,,,,,,,,,,,,,,6440.00,6350.00,6270.00,6240.00,6200.00,6140.00,6140.00,5930.00,5870.00,5740.00,5680.00,5730.00,5690.00,5600.00,5520.00,5550.00,5560.00,5510.00,5590.00,5520.00,5530.00,5420.00,5400.00,5340.00,5280.00,5220.00,5210.00,5160.00,5110.00,5040.00,,
Islas del Canal,CHI,Emisiones de metano (kt de equivalente de CO2),EN.ATM.METH.KT.CE,,,,,,,,,,,,,,,,,,,,,,,,,,,,,,,,,,,,,,,,,,,,,,,,,,,,,,,,,,,,,,
Chile,CHL,Emisiones de metano (kt de equivalente de CO2),EN.ATM.METH.KT.CE,,,,,,,,,,,,,,,,,,,,,,,,,,,,,,,9970.00,10140.00,10410.00,10750.00,11120.00,11380.00,11650.00,12080.00,12310.00,12420.00,12400.00,12280.00,12050.00,11910.00,11910.00,11760.00,11550.00,11220.00,11650.00,11770.00,12280.00,12330.00,12610.00,11560.00,10830.00,10590.00,10910.00,11020.00,11410.00,11590.00,,
China,CHN,Emisiones de metano (kt de equivalente de CO2),EN.ATM.METH.KT.CE,,,,,,,,,,,,,,,,,,,,,,,,,,,,,,,765390.01,775080.02,780750.00,790099.98,812510.01,849859.99,858020.02,812960.02,814880.00,809539.98,809200.01,802530.03,795520.02,820520.02,867140.01,904989.99,944229.98,974729.98,993609.99,1023739.99,1072780.03,1121239.99,1122670.04,1147020.02,1161120.00,1159609.99,1120069.95,1131479.98,1158959.96,1176140.01,,
Côte d'Ivoire,CIV,Emisiones de metano (kt de equivalente de CO2),EN.ATM.METH.KT.CE,,,,,,,,,,,,,,,,,,,,,,,,,,,,,,,4000.00,6550.00,9130.00,11520.00,14120.00,14460.00,14630.00,14970.00,15190.00,15520.00,15840.00,15340.00,15060.00,13990.00,12750.00,12890.00,12090.00,11250.00,10240.00,9250.00,8480.00,7970.00,7340.00,7700.00,7240.00,7090.00,7730.00,7420.00,7280.00,7230.00,,
Camerún,CMR,Emisiones de metano (kt de equivalente de CO2),EN.ATM.METH.KT.CE,,,,,,,,,,,,,,,,,,,,,,,,,,,,,,,10770.00,14900.00,14810.00,13590.00,12290.00,12300.00,12790.00,13110.00,13870.00,14150.00,15120.00,14590.00,14430.00,15190.00,14320.00,15050.00,14300.00,14060.00,13790.00,13490.00,13460.00,13230.00,13480.00,14060.00,14380.00,15290.00,15480.00,15060.00,15350.00,15550.00,,
Congo República Democrática del,COD,Emisiones de metano (kt de equivalente de CO2),EN.ATM.METH.KT.CE,,,,,,,,,,,,,,,,,,,,,,,,,,,,,,,21510.00,21630.00,21960.00,23050.00,24190.00,24390.00,22450.00,22610.00,23050.00,22200.00,22180.00,23430.00,26120.00,28000.00,28940.00,28990.00,29580.00,28670.00,29740.00,29870.00,30680.00,30370.00,29570.00,31010.00,31870.00,32870.00,33480.00,35330.00,34250.00,34930.00,,
Congo República del,COG,Emisiones de metano (kt de equivalente de CO2),EN.ATM.METH.KT.CE,,,,,,,,,,,,,,,,,,,,,,,,,,,,,,,4970.00,4950.00,5200.00,5080.00,4660.00,5000.00,5110.00,5570.00,6380.00,6710.00,6790.00,6550.00,5580.00,6040.00,6410.00,7460.00,8350.00,7020.00,7220.00,7770.00,8670.00,8430.00,7920.00,7410.00,7130.00,7120.00,6920.00,7460.00,8870.00,9260.00,,
Colombia,COL,Emisiones de metano (kt de equivalente de CO2),EN.ATM.METH.KT.CE,,,,,,,,,,,,,,,,,,,,,,,,,,,,,,,56340.00,56050.00,57110.00,58270.00,59610.00,61010.00,61980.00,61970.00,63230.00,61540.00,61630.00,62630.00,62490.00,63790.00,64610.00,65000.00,65340.00,67060.00,68160.00,69220.00,71850.00,70540.00,68880.00,69610.00,69660.00,69620.00,69600.00,70990.00,74120.00,76840.00,,
Comoras,COM,Emisiones de metano (kt de equivalente de CO2),EN.ATM.METH.KT.CE,,,,,,,,,,,,,,,,,,,,,,,,,,,,,,,150.00,150.00,160.00,160.00,160.00,160.00,170.00,170.00,170.00,170.00,150.00,170.00,170.00,170.00,170.00,170.00,190.00,170.00,190.00,190.00,200.00,220.00,220.00,230.00,240.00,240.00,250.00,250.00,260.00,270.00,,
Cabo Verde,CPV,Emisiones de metano (kt de equivalente de CO2),EN.ATM.METH.KT.CE,,,,,,,,,,,,,,,,,,,,,,,,,,,,,,,80.00,80.00,90.00,90.00,80.00,90.00,80.00,80.00,80.00,80.00,80.00,80.00,80.00,80.00,90.00,90.00,90.00,90.00,90.00,90.00,100.00,90.00,90.00,90.00,90.00,90.00,100.00,90.00,90.00,90.00,,
Costa Rica,CRI,Emisiones de metano (kt de equivalente de CO2),EN.ATM.METH.KT.CE,,,,,,,,,,,,,,,,,,,,,,,,,,,,,,,3980.00,4030.00,4070.00,4150.00,3920.00,3660.00,3670.00,3680.00,3800.00,3780.00,3800.00,3730.00,3660.00,3610.00,3570.00,3700.00,3700.00,3890.00,4040.00,4100.00,4160.00,4260.00,4210.00,4290.00,4300.00,4340.00,4520.00,4580.00,4630.00,4690.00,,
Estados pequeos del Caribe,CSS,Emisiones de metano (kt de equivalente de CO2),EN.ATM.METH.KT.CE,,,,,,,,,,,,,,,,,,,,,,,,,,,,,,,20370.00,20840.00,21110.00,19650.00,18340.00,17210.00,16460.00,15220.00,14130.00,13520.00,12560.00,12980.00,13280.00,14600.00,14790.00,15200.00,16000.00,16270.00,16520.00,16790.00,17150.00,17260.00,17320.00,17550.00,17630.00,17230.00,16130.00,16350.00,16460.00,16830.00,,
Cuba,CUB,Emisiones de metano (kt de equivalente de CO2),EN.ATM.METH.KT.CE,,,,,,,,,,,,,,,,,,,,,,,,,,,,,,,12650.00,12230.00,12190.00,11240.00,11590.00,11380.00,12030.00,11890.00,11870.00,11690.00,11750.00,11600.00,11770.00,11960.00,11460.00,10760.00,11160.00,11250.00,11470.00,12050.00,11920.00,12240.00,12220.00,12250.00,12240.00,11750.00,11840.00,11400.00,11450.00,11150.00,,
Curacao,CUW,Emisiones de metano (kt de equivalente de CO2),EN.ATM.METH.KT.CE,,,,,,,,,,,,,,,,,,,,,,,,,,,,,,,,,,,,,,,,,,,,,,,,,,,,,,,,,,,,,,
Islas Caimán,CYM,Emisiones de metano (kt de equivalente de CO2),EN.ATM.METH.KT.CE,,,,,,,,,,,,,,,,,,,,,,,,,,,,,,,,,,,,,,,,,,,,,,,,,,,,,,,,,,,,,,
Chipre,CYP,Emisiones de metano (kt de equivalente de CO2),EN.ATM.METH.KT.CE,,,,,,,,,,,,,,,,,,,,,,,,,,,,,,,530.00,540.00,550.00,560.00,580.00,590.00,600.00,610.00,620.00,620.00,640.00,660.00,680.00,670.00,670.00,670.00,670.00,670.00,680.00,680.00,690.00,690.00,690.00,690.00,700.00,710.00,730.00,740.00,740.00,740.00,,
República Checa,CZE,Emisiones de metano (kt de equivalente de CO2),EN.ATM.METH.KT.CE,,,,,,,,,,,,,,,,,,,,,,,,,,,,,,,23660.00,22160.00,20660.00,19720.00,18520.00,17990.00,17760.00,17400.00,16710.00,15860.00,14980.00,14680.00,14140.00,14060.00,13650.00,14040.00,14290.00,13820.00,13920.00,13590.00,13820.00,13770.00,13620.00,12820.00,12760.00,12760.00,12470.00,12490.00,12410.00,12440.00,,
Alemania,DEU,Emisiones de metano (kt de equivalente de CO2),EN.ATM.METH.KT.CE,,,,,,,,,,,,,,,,,,,,,,,,,,,,,,,100000.00,97150.00,91700.00,90180.00,88710.00,87710.00,86480.00,83490.00,80010.00,77780.00,75200.00,73490.00,71230.00,69060.00,66410.00,64790.00,62930.00,61370.00,61000.00,59100.00,58060.00,56150.00,55560.00,55310.00,53570.00,52720.00,51820.00,51410.00,49850.00,48710.00,,
Djibouti,DJI,Emisiones de metano (kt de equivalente de CO2),EN.ATM.METH.KT.CE,,,,,,,,,,,,,,,,,,,,,,,,,,,,,,,440.00,450.00,450.00,460.00,480.00,510.00,540.00,550.00,560.00,580.00,590.00,600.00,600.00,600.00,610.00,610.00,610.00,610.00,620.00,620.00,620.00,630.00,630.00,640.00,640.00,650.00,650.00,650.00,650.00,660.00,,
Dominica,DMA,Emisiones de metano (kt de equivalente de CO2),EN.ATM.METH.KT.CE,,,,,,,,,,,,,,,,,,,,,,,,,,,,,,,100.00,100.00,100.00,100.00,100.00,90.00,80.00,70.00,60.00,50.00,40.00,40.00,40.00,40.00,40.00,40.00,40.00,40.00,40.00,40.00,40.00,40.00,40.00,40.00,40.00,40.00,40.00,40.00,40.00,40.00,,
Dinamarca,DNK,Emisiones de metano (kt de equivalente de CO2),EN.ATM.METH.KT.CE,,,,,,,,,,,,,,,,,,,,,,,,,,,,,,,9430.00,9660.00,9690.00,9840.00,9690.00,9650.00,9730.00,9760.00,9740.00,9720.00,9930.00,10130.00,9980.00,9920.00,9860.00,9720.00,9550.00,9480.00,9230.00,8880.00,9050.00,8730.00,8560.00,8350.00,8200.00,8200.00,8150.00,8080.00,7950.00,7780.00,,
República Dominicana,DOM,Emisiones de metano (kt de equivalente de CO2),EN.ATM.METH.KT.CE,,,,,,,,,,,,,,,,,,,,,,,,,,,,,,,5960.00,6560.00,6680.00,7250.00,7550.00,7320.00,7210.00,6990.00,6810.00,6410.00,6270.00,6600.00,6810.00,6730.00,7230.00,7040.00,7140.00,7840.00,8040.00,8320.00,8470.00,8560.00,8590.00,8650.00,8710.00,8740.00,8840.00,8960.00,9140.00,9310.00,,
Argelia,DZA,Emisiones de metano (kt de equivalente de CO2),EN.ATM.METH.KT.CE,,,,,,,,,,,,,,,,,,,,,,,,,,,,,,,52650.00,53540.00,54100.00,57300.00,58250.00,62450.00,65640.00,67330.00,68730.00,71320.00,74620.00,72280.00,74170.00,80490.00,81180.00,84280.00,85660.00,85190.00,85530.00,82330.00,82790.00,81290.00,85690.00,85510.00,89290.00,89630.00,93000.00,92900.00,94400.00,92340.00,,
Asia oriental y el Pacífico (excluido altos ingresos),EAP,Emisiones de metano (kt de equivalente de CO2),EN.ATM.METH.KT.CE,,,,,,,,,,,,,,,,,,,,,,,,,,,,,,,1292740.01,1312420.02,1330640.01,1347949.98,1379870.01,1434330.00,1453780.02,1416310.02,1418620.01,1434109.98,1440990.02,1429730.04,1420370.02,1448060.03,1500660.03,1543259.99,1590379.96,1625759.99,1645840.00,1680470.00,1730270.03,1778919.98,1781710.04,1810710.03,1830560.01,1828579.96,1794659.95,1816419.99,1847659.97,1862750.04,,
inicial del dividendo demográfico,EAR,Emisiones de metano (kt de equivalente de CO2),EN.ATM.METH.KT.CE,,,,,,,,,,,,,,,,,,,,,,,,,,,,,,,2140189.99,2201230.04,2208830.01,2260259.98,2290240.02,2348270.03,2398059.98,2427029.98,2449599.97,2480389.97,2535130.03,2531539.98,2534680.02,2592190.00,2635639.99,2692630.01,2737729.97,2771270.00,2809430.02,2765529.98,2797249.99,2800840.02,2855789.96,2844060.02,2863669.99,2874469.99,2919070.03,2962090.01,2979019.99,2960800.03,,
Asia oriental y el Pacífico,EAS,Emisiones de metano (kt de equivalente de CO2),EN.ATM.METH.KT.CE,,,,,,,,,,,,,,,,,,,,,,,,,,,,,,,1528850.01,1548270.02,1564870.01,1581039.98,1615400.02,1668600.00,1679930.02,1643000.02,1644970.01,1675229.99,1691680.02,1690420.03,1675080.02,1663390.03,1735290.04,1758349.99,1824509.97,1856379.99,1859199.99,1897570.00,1938350.03,2036029.98,2037920.04,2029320.02,2060710.01,2053339.96,2003119.95,2047499.99,2077499.97,2077260.04,,
Europa y Asia central (excluido altos ingresos),ECA,Emisiones de metano (kt de equivalente de CO2),EN.ATM.METH.KT.CE,,,,,,,,,,,,,,,,,,,,,,,,,,,,,,,1083880.01,1045599.99,964820.00,934390.00,882629.97,850739.97,828389.97,786499.99,775380.01,785470.01,803609.99,809530.02,827309.99,865790.03,873459.97,890850.01,893400.00,906290.00,915540.01,872260.00,904499.99,927580.03,929070.02,936170.02,936480.01,938449.99,954650.02,975790.03,1012229.99,1029869.99,,
Europa y Asia central,ECS,Emisiones de metano (kt de equivalente de CO2),EN.ATM.METH.KT.CE,,,,,,,,,,,,,,,,,,,,,,,,,,,,,,,1717730.02,1669960.00,1576360.00,1537429.99,1480489.98,1444559.97,1422569.97,1375189.99,1355370.01,1357230.01,1368249.99,1362740.02,1373029.99,1403290.02,1398649.97,1406810.01,1400739.99,1405820.00,1405940.01,1351689.99,1376460.00,1384140.02,1380640.02,1378750.02,1370690.00,1372639.99,1387010.02,1406330.02,1434879.99,1448459.99,,
Ecuador,ECU,Emisiones de metano (kt de equivalente de CO2),EN.ATM.METH.KT.CE,,,,,,,,,,,,,,,,,,,,,,,,,,,,,,,17810.00,18050.00,19290.00,20640.00,21860.00,22150.00,22860.00,23420.00,22400.00,22730.00,21840.00,23510.00,23740.00,24460.00,26740.00,26640.00,27100.00,26500.00,26760.00,27180.00,27690.00,27870.00,27820.00,28270.00,27830.00,27050.00,27310.00,27150.00,26550.00,27170.00,,
Egipto República Árabe de,EGY,Emisiones de metano (kt de equivalente de CO2),EN.ATM.METH.KT.CE,,,,,,,,,,,,,,,,,,,,,,,,,,,,,,,31310.00,34540.00,35740.00,38640.00,40490.00,42510.00,44420.00,46260.00,46270.00,50260.00,50860.00,52010.00,53920.00,55010.00,55510.00,59170.00,60940.00,63150.00,64850.00,63570.00,62710.00,64930.00,67260.00,65770.00,66610.00,65540.00,67960.00,69790.00,70550.00,75130.00,,
Zona del Euro,EMU,Emisiones de metano (kt de equivalente de CO2),EN.ATM.METH.KT.CE,,,,,,,,,,,,,,,,,,,,,,,,,,,,,,,379050.00,375470.00,369540.00,364230.00,360640.00,358920.00,358970.00,355720.00,351540.00,348430.00,347990.00,343270.00,339210.00,334869.99,328990.00,323390.00,318790.00,316590.00,313670.00,309710.00,306690.00,298580.00,296330.00,292710.00,288030.00,289250.00,287320.00,285610.00,279470.00,277110.00,,
Eritrea,ERI,Emisiones de metano (kt de equivalente de CO2),EN.ATM.METH.KT.CE,,,,,,,,,,,,,,,,,,,,,,,,,,,,,,,2460.00,2480.00,2700.00,2310.00,2370.00,2410.00,2700.00,3060.00,3140.00,3230.00,3270.00,3090.00,3080.00,3170.00,3180.00,3240.00,3140.00,3350.00,3380.00,3390.00,3310.00,3460.00,3480.00,3520.00,3540.00,3570.00,3610.00,3630.00,3650.00,3680.00,,
España,ESP,Emisiones de metano (kt de equivalente de CO2),EN.ATM.METH.KT.CE,,,,,,,,,,,,,,,,,,,,,,,,,,,,,,,34070.00,34140.00,34600.00,34200.00,34620.00,35000.00,35780.00,37470.00,37880.00,38470.00,39100.00,39810.00,40170.00,40160.00,39850.00,39580.00,39320.00,40030.00,38460.00,40160.00,38590.00,38430.00,37730.00,37180.00,37000.00,38580.00,38700.00,39080.00,39100.00,39280.00,,
Estonia,EST,Emisiones de metano (kt de equivalente de CO2),EN.ATM.METH.KT.CE,,,,,,,,,,,,,,,,,,,,,,,,,,,,,,,2300.00,2270.00,2310.00,2090.00,1790.00,1730.00,1670.00,1630.00,1570.00,1520.00,1460.00,1450.00,1440.00,1400.00,1410.00,1350.00,1340.00,1330.00,1310.00,1270.00,1290.00,1230.00,1230.00,1200.00,1190.00,1180.00,1100.00,1110.00,1110.00,1110.00,,
Etiopía,ETH,Emisiones de metano (kt de equivalente de CO2),EN.ATM.METH.KT.CE,,,,,,,,,,,,,,,,,,,,,,,,,,,,,,,41510.00,41880.00,43000.00,39210.00,39770.00,40090.00,41780.00,43220.00,46670.00,46440.00,44480.00,46570.00,52130.00,51030.00,51930.00,54110.00,57200.00,62920.00,65500.00,68250.00,71260.00,70290.00,72740.00,74940.00,77310.00,78960.00,81110.00,82860.00,83140.00,84140.00,,
Unión Europea,EUU,Emisiones de metano (kt de equivalente de CO2),EN.ATM.METH.KT.CE,,,,,,,,,,,,,,,,,,,,,,,,,,,,,,,528600.00,517690.00,504080.00,493130.00,484330.00,479850.00,479420.00,474440.00,466320.00,460470.00,457220.00,450090.00,444309.99,440750.00,433080.00,427190.00,422490.00,419170.00,415000.00,409060.00,406350.00,394980.00,391830.01,386390.00,380510.00,381120.00,377540.00,376050.00,368740.00,365380.00,,
Frágiles y situaciones de conflicto afectados,FCS,Emisiones de metano (kt de equivalente de CO2),EN.ATM.METH.KT.CE,,,,,,,,,,,,,,,,,,,,,,,,,,,,,,,685919.99,683330.00,698100.01,714240.00,741250.00,763890.01,789589.99,811990.00,841610.00,835359.99,857640.01,854409.99,849460.00,855580.00,894740.00,922340.00,931990.00,944520.00,963570.00,956100.00,984430.00,952090.00,995179.99,989560.00,984320.00,993780.00,1006870.01,1021200.00,1027900.01,1024650.00,,
Finlandia,FIN,Emisiones de metano (kt de equivalente de CO2),EN.ATM.METH.KT.CE,,,,,,,,,,,,,,,,,,,,,,,,,,,,,,,8550.00,8460.00,8400.00,8370.00,8300.00,8080.00,7970.00,7860.00,7620.00,7420.00,7090.00,6930.00,6680.00,6440.00,6210.00,5920.00,6010.00,5820.00,5700.00,5580.00,5680.00,5480.00,5470.00,5340.00,5210.00,5130.00,5020.00,4900.00,4750.00,4640.00,,
Fiji,FJI,Emisiones de metano (kt de equivalente de CO2),EN.ATM.METH.KT.CE,,,,,,,,,,,,,,,,,,,,,,,,,,,,,,,680.00,700.00,710.00,760.00,790.00,820.00,820.00,810.00,810.00,780.00,790.00,800.00,770.00,760.00,770.00,770.00,770.00,770.00,770.00,770.00,760.00,760.00,760.00,770.00,360.00,370.00,370.00,400.00,410.00,450.00,,
Francia,FRA,Emisiones de metano (kt de equivalente de CO2),EN.ATM.METH.KT.CE,,,,,,,,,,,,,,,,,,,,,,,,,,,,,,,70710.00,70620.00,70080.00,70220.00,70230.00,70740.00,71270.00,70460.00,70700.00,70810.00,73110.00,73400.00,72090.00,70950.00,70270.00,69560.00,68880.00,69080.00,69210.00,68000.00,67930.00,65520.00,64940.00,64850.00,63690.00,63110.00,62200.00,61300.00,60560.00,59660.00,,
Islas Feroe,FRO,Emisiones de metano (kt de equivalente de CO2),EN.ATM.METH.KT.CE,,,,,,,,,,,,,,,,,,,,,,,,,,,,,,,,,,,,,,,,,,,,,,,,,,,,,,,,,,,,,,
Micronesia (Estados Federados de),FSM,Emisiones de metano (kt de equivalente de CO2),EN.ATM.METH.KT.CE,,,,,,,,,,,,,,,,,,,,,,,,,,,,,,,0.00,0.00,0.00,0.00,0.00,40.00,40.00,40.00,40.00,40.00,40.00,40.00,40.00,40.00,40.00,40.00,40.00,40.00,40.00,40.00,40.00,50.00,50.00,50.00,50.00,50.00,50.00,50.00,50.00,50.00,,
Gabón,GAB,Emisiones de metano (kt de equivalente de CO2),EN.ATM.METH.KT.CE,,,,,,,,,,,,,,,,,,,,,,,,,,,,,,,5810.00,6350.00,6330.00,6520.00,7310.00,7900.00,8260.00,8270.00,8500.00,7810.00,7270.00,7210.00,6820.00,7480.00,7320.00,7090.00,6410.00,6170.00,6420.00,6200.00,6430.00,6320.00,6060.00,5900.00,6040.00,6210.00,6190.00,5700.00,5380.00,5870.00,,
Reino Unido,GBR,Emisiones de metano (kt de equivalente de CO2),EN.ATM.METH.KT.CE,,,,,,,,,,,,,,,,,,,,,,,,,,,,,,,109010.00,109440.00,109680.00,110840.00,112580.00,113290.00,114040.00,113260.00,112400.00,109890.00,106000.00,101110.00,99010.00,94860.00,89860.00,86260.00,81990.00,77780.00,72460.00,67200.00,62340.00,58800.00,56780.00,53140.00,50760.00,50110.00,51600.00,51340.00,50780.00,50110.00,,
Georgia,GEO,Emisiones de metano (kt de equivalente de CO2),EN.ATM.METH.KT.CE,,,,,,,,,,,,,,,,,,,,,,,,,,,,,,,13760.00,12520.00,10530.00,9270.00,8070.00,7340.00,7510.00,7450.00,7440.00,7510.00,7580.00,6590.00,6580.00,6930.00,6630.00,6150.00,6080.00,5950.00,5860.00,5790.00,5750.00,5700.00,5770.00,5820.00,5810.00,5510.00,5480.00,5390.00,5270.00,5190.00,,
Ghana,GHA,Emisiones de metano (kt de equivalente de CO2),EN.ATM.METH.KT.CE,,,,,,,,,,,,,,,,,,,,,,,,,,,,,,,5010.00,5240.00,5210.00,5280.00,5460.00,5600.00,5890.00,6460.00,7110.00,6580.00,7130.00,6560.00,6650.00,7100.00,6880.00,7800.00,7620.00,7450.00,7630.00,7570.00,7890.00,8840.00,8580.00,9160.00,9280.00,9710.00,9780.00,10520.00,10590.00,10900.00,,
Gibraltar,GIB,Emisiones de metano (kt de equivalente de CO2),EN.ATM.METH.KT.CE,,,,,,,,,,,,,,,,,,,,,,,,,,,,,,,,,,,,,,,,,,,,,,,,,,,,,,,,,,,,,,
Guinea,GIN,Emisiones de metano (kt de equivalente de CO2),EN.ATM.METH.KT.CE,,,,,,,,,,,,,,,,,,,,,,,,,,,,,,,4790.00,5000.00,5220.00,5450.00,5720.00,5980.00,5750.00,5930.00,6440.00,6370.00,6750.00,7110.00,7710.00,7830.00,7900.00,8660.00,8860.00,9100.00,9420.00,9770.00,11570.00,12270.00,13040.00,13330.00,13640.00,13820.00,15080.00,15260.00,15390.00,16250.00,,
Gambia,GMB,Emisiones de metano (kt de equivalente de CO2),EN.ATM.METH.KT.CE,,,,,,,,,,,,,,,,,,,,,,,,,,,,,,,3820.00,3950.00,4070.00,4180.00,3710.00,3220.00,2740.00,2200.00,1720.00,1210.00,740.00,690.00,680.00,740.00,810.00,840.00,870.00,870.00,990.00,1270.00,1350.00,1050.00,1150.00,1220.00,1260.00,1390.00,1270.00,1290.00,1130.00,1300.00,,
Guinea-Bissau,GNB,Emisiones de metano (kt de equivalente de CO2),EN.ATM.METH.KT.CE,,,,,,,,,,,,,,,,,,,,,,,,,,,,,,,740.00,750.00,770.00,780.00,800.00,820.00,780.00,760.00,770.00,830.00,840.00,970.00,990.00,990.00,950.00,940.00,1020.00,1030.00,1000.00,1070.00,1120.00,1100.00,1200.00,1200.00,1140.00,1210.00,1220.00,1230.00,1280.00,1290.00,,
Guinea Ecuatorial,GNQ,Emisiones de metano (kt de equivalente de CO2),EN.ATM.METH.KT.CE,,,,,,,,,,,,,,,,,,,,,,,,,,,,,,,100.00,230.00,1160.00,1270.00,1360.00,1470.00,1710.00,2770.00,3620.00,4000.00,4570.00,5890.00,5440.00,6320.00,7360.00,7680.00,7600.00,7520.00,7200.00,6300.00,6440.00,5730.00,5610.00,5300.00,8130.00,7420.00,6890.00,6290.00,6170.00,5670.00,,
Grecia,GRC,Emisiones de metano (kt de equivalente de CO2),EN.ATM.METH.KT.CE,,,,,,,,,,,,,,,,,,,,,,,,,,,,,,,10830.00,10710.00,10800.00,10900.00,11110.00,11180.00,11390.00,11340.00,11570.00,11490.00,11580.00,10810.00,10860.00,10900.00,11080.00,11070.00,11140.00,11140.00,11030.00,10700.00,10870.00,10720.00,10590.00,10210.00,10090.00,9930.00,9600.00,9660.00,9370.00,9340.00,,
Granada,GRD,Emisiones de metano (kt de equivalente de CO2),EN.ATM.METH.KT.CE,,,,,,,,,,,,,,,,,,,,,,,,,,,,,,,1720.00,1730.00,1750.00,1760.00,1770.00,1780.00,1800.00,1810.00,1820.00,1840.00,1850.00,1860.00,1870.00,1880.00,1890.00,1910.00,1920.00,1920.00,1930.00,1940.00,1950.00,1960.00,1970.00,1980.00,1990.00,2000.00,2010.00,2020.00,2030.00,2040.00,,
Groenlandia,GRL,Emisiones de metano (kt de equivalente de CO2),EN.ATM.METH.KT.CE,,,,,,,,,,,,,,,,,,,,,,,,,,,,,,,,,,,,,,,,,,,,,,,,,,,,,,,,,,,,,,
Guatemala,GTM,Emisiones de metano (kt de equivalente de CO2),EN.ATM.METH.KT.CE,,,,,,,,,,,,,,,,,,,,,,,,,,,,,,,4980.00,5090.00,5370.00,5600.00,5480.00,5530.00,5550.00,5650.00,5680.00,6060.00,6100.00,6300.00,6760.00,6650.00,6800.00,7150.00,7190.00,7630.00,7870.00,8250.00,8530.00,8570.00,8750.00,8910.00,9190.00,9420.00,9740.00,9990.00,10160.00,10390.00,,
Guam,GUM,Emisiones de metano (kt de equivalente de CO2),EN.ATM.METH.KT.CE,,,,,,,,,,,,,,,,,,,,,,,,,,,,,,,,,,,,,,,,,,,,,,,,,,,,,,,,,,,,,,
Guyana,GUY,Emisiones de metano (kt de equivalente de CO2),EN.ATM.METH.KT.CE,,,,,,,,,,,,,,,,,,,,,,,,,,,,,,,830.00,990.00,1050.00,1180.00,1160.00,1360.00,1360.00,1400.00,1300.00,1400.00,1200.00,1250.00,1130.00,1300.00,1200.00,1130.00,1090.00,1110.00,1210.00,1250.00,1300.00,1360.00,1400.00,1540.00,1680.00,1740.00,1430.00,1580.00,1540.00,1810.00,,
Ingreso alto,HIC,Emisiones de metano (kt de equivalente de CO2),EN.ATM.METH.KT.CE,,,,,,,,,,,,,,,,,,,,,,,,,,,,,,,1743330.03,1749419.99,1751379.98,1741370.02,1753060.04,1751700.00,1748619.98,1742420.00,1724309.98,1714880.03,1723129.97,1716430.00,1696610.02,1665729.98,1680699.98,1664760.00,1683879.99,1675849.99,1663039.98,1633779.98,1643859.99,1700440.01,1714629.97,1678219.98,1707709.96,1709899.99,1685349.98,1723150.02,1763770.03,1780370.00,,
Hong Kong Región Administrativa Especial,HKG,Emisiones de metano (kt de equivalente de CO2),EN.ATM.METH.KT.CE,,,,,,,,,,,,,,,,,,,,,,,,,,,,,,,,,,,,,,,,,,,,,,,,,,,,,,,,,,,,,,
Honduras,HND,Emisiones de metano (kt de equivalente de CO2),EN.ATM.METH.KT.CE,,,,,,,,,,,,,,,,,,,,,,,,,,,,,,,7020.00,7070.00,7100.00,6770.00,7150.00,6990.00,6680.00,6340.00,5890.00,5120.00,4970.00,5120.00,5530.00,6240.00,6220.00,6490.00,6410.00,6520.00,6660.00,6930.00,7020.00,7130.00,7180.00,7310.00,7440.00,7470.00,7570.00,7420.00,7670.00,7670.00,,
Países pobres muy endeudados (PPME),HPC,Emisiones de metano (kt de equivalente de CO2),EN.ATM.METH.KT.CE,,,,,,,,,,,,,,,,,,,,,,,,,,,,,,,312110.00,325360.00,334860.00,339450.00,347410.00,353210.00,359010.00,368420.00,386250.00,390100.00,396090.00,395280.00,416670.00,431820.00,438900.00,460140.00,460920.00,471780.00,486180.00,491240.00,510770.00,519900.00,529950.00,544330.00,553910.00,567950.00,580960.00,586660.01,598690.00,608370.00,,
Croacia,HRV,Emisiones de metano (kt de equivalente de CO2),EN.ATM.METH.KT.CE,,,,,,,,,,,,,,,,,,,,,,,,,,,,,,,4050.00,3980.00,3710.00,3670.00,3530.00,3440.00,3380.00,3360.00,3330.00,3370.00,3300.00,3380.00,3400.00,3510.00,3650.00,3630.00,3750.00,3790.00,3760.00,3820.00,3800.00,3810.00,3750.00,3650.00,3640.00,3740.00,3750.00,3770.00,3670.00,3680.00,,
Haití,HTI,Emisiones de metano (kt de equivalente de CO2),EN.ATM.METH.KT.CE,,,,,,,,,,,,,,,,,,,,,,,,,,,,,,,3330.00,3500.00,3880.00,3770.00,3770.00,3820.00,3880.00,4030.00,4080.00,4140.00,4390.00,4430.00,4480.00,4530.00,4550.00,4600.00,4620.00,4690.00,4720.00,4780.00,4830.00,4890.00,4930.00,4960.00,4980.00,5050.00,5180.00,5220.00,5240.00,5280.00,,
Hungría,HUN,Emisiones de metano (kt de equivalente de CO2),EN.ATM.METH.KT.CE,,,,,,,,,,,,,,,,,,,,,,,,,,,,,,,11640.00,11570.00,10430.00,9860.00,9420.00,8800.00,8970.00,8850.00,8710.00,8780.00,8770.00,8660.00,8730.00,8870.00,8450.00,8380.00,8250.00,8140.00,8040.00,8020.00,7980.00,7800.00,7660.00,7480.00,7310.00,7240.00,7230.00,7160.00,7060.00,7000.00,,
Sólo BIRF,IBD,Emisiones de metano (kt de equivalente de CO2),EN.ATM.METH.KT.CE,,,,,,,,,,,,,,,,,,,,,,,,,,,,,,,4079030.00,4063910.05,4019480.03,4042539.95,4058250.01,4125069.99,4148119.99,4116049.99,4146130.00,4181209.98,4241940.02,4245420.02,4256670.04,4371340.06,4502949.97,4609390.02,4679979.95,4756709.98,4810400.03,4779469.97,4897970.02,4947520.05,5013750.03,5023990.05,5061740.02,5088239.96,5109539.99,5169850.04,5224839.95,5239280.05,,
BIRF y la AIF,IBT,Emisiones de metano (kt de equivalente de CO2),EN.ATM.METH.KT.CE,,,,,,,,,,,,,,,,,,,,,,,,,,,,,,,4853430.00,4863570.04,4839460.03,4880199.95,4918300.01,4997079.99,5031799.98,5007039.99,5052979.99,5097159.97,5168970.02,5178170.02,5214780.04,5366290.05,5508859.97,5648710.01,5732489.95,5836289.98,5914820.03,5894289.98,6049420.03,6113340.05,6166070.03,6192870.04,6244800.02,6283689.96,6328250.00,6408310.03,6491139.96,6527110.05,,
total de la AIF,IDA,Emisiones de metano (kt de equivalente de CO2),EN.ATM.METH.KT.CE,,,,,,,,,,,,,,,,,,,,,,,,,,,,,,,774400.00,799659.99,819980.00,837660.00,860050.00,872009.99,883679.99,890990.01,906850.00,915949.99,927030.00,932750.00,958110.00,994950.00,1005910.00,1039319.99,1052510.00,1079580.00,1104420.00,1114820.01,1151450.01,1165820.00,1152320.00,1168880.00,1183060.00,1195450.00,1218710.01,1238459.99,1266300.01,1287830.00,,
mezcla de la AIF,IDB,Emisiones de metano (kt de equivalente de CO2),EN.ATM.METH.KT.CE,,,,,,,,,,,,,,,,,,,,,,,,,,,,,,,285820.00,297920.00,301830.00,305640.00,311800.00,310660.00,316199.99,311880.01,307350.00,303320.00,303650.00,308390.00,306280.00,322800.00,331060.00,337919.99,344450.00,355520.00,361930.00,360130.00,371470.00,382670.01,386480.00,390180.00,394210.00,400320.00,411730.01,418569.99,433070.00,445609.99,,
Indonesia,IDN,Emisiones de metano (kt de equivalente de CO2),EN.ATM.METH.KT.CE,,,,,,,,,,,,,,,,,,,,,,,,,,,,,,,267899.99,273260.01,282760.01,285570.01,290250.00,297790.01,304000.00,306940.00,311790.01,316130.00,319790.01,311880.00,307280.00,300200.01,296480.01,290500.00,288019.99,281540.01,276290.01,273760.01,270500.00,268549.99,264500.00,264880.00,270910.00,271359.99,273530.00,278410.00,279690.00,280950.01,,
Sólo AIF,IDX,Emisiones de metano (kt de equivalente de CO2),EN.ATM.METH.KT.CE,,,,,,,,,,,,,,,,,,,,,,,,,,,,,,,488580.00,501740.00,518150.00,532020.00,548250.00,561350.00,567480.00,579110.00,599500.00,612630.00,623380.00,624360.00,651830.00,672150.00,674850.01,701400.00,708060.00,724060.00,742490.00,754690.00,779980.00,783150.00,765840.00,778700.00,788850.00,795130.00,806980.00,819890.00,833230.01,842220.01,,
Isla de Man,IMN,Emisiones de metano (kt de equivalente de CO2),EN.ATM.METH.KT.CE,,,,,,,,,,,,,,,,,,,,,,,,,,,,,,,,,,,,,,,,,,,,,,,,,,,,,,,,,,,,,,
India,IND,Emisiones de metano (kt de equivalente de CO2),EN.ATM.METH.KT.CE,,,,,,,,,,,,,,,,,,,,,,,,,,,,,,,509160.00,514710.02,516179.99,520169.98,523830.02,533150.02,542679.99,550789.98,559469.97,566979.98,571710.02,574159.97,566900.02,574060.00,580469.97,593390.01,601729.98,613549.99,620820.01,617539.98,623370.00,629590.03,628099.98,632020.02,634940.00,638820.01,643010.01,647380.00,654320.01,656650.02,,
No clasificado,INX,Emisiones de metano (kt de equivalente de CO2),EN.ATM.METH.KT.CE,,,,,,,,,,,,,,,,,,,,,,,,,,,,,,,,,,,,,,,,,,,,,,,,,,,,,,,,,,,,,,
Irlanda,IRL,Emisiones de metano (kt de equivalente de CO2),EN.ATM.METH.KT.CE,,,,,,,,,,,,,,,,,,,,,,,,,,,,,,,15470.00,15730.00,15780.00,15910.00,15940.00,16000.00,15980.00,15990.00,16430.00,16480.00,16970.00,17060.00,16970.00,17540.00,16600.00,16120.00,16090.00,15430.00,15200.00,14910.00,14420.00,14430.00,14870.00,15270.00,15620.00,15900.00,16530.00,16800.00,15430.00,15460.00,,
Irán República Islámica del,IRN,Emisiones de metano (kt de equivalente de CO2),EN.ATM.METH.KT.CE,,,,,,,,,,,,,,,,,,,,,,,,,,,,,,,107920.00,114810.00,120030.00,126300.00,127910.00,131340.00,135539.99,139009.99,140110.00,143860.00,152390.00,152630.00,150720.00,165970.00,173190.00,177950.00,184820.01,191410.00,190850.01,193980.00,198200.00,200950.00,192289.99,188200.00,195190.00,200590.00,227820.01,239500.00,239789.99,213679.99,,
Iraq,IRQ,Emisiones de metano (kt de equivalente de CO2),EN.ATM.METH.KT.CE,,,,,,,,,,,,,,,,,,,,,,,,,,,,,,,51780.00,14390.00,17860.00,21960.00,25550.00,26100.00,25830.00,39050.00,57070.00,66020.00,68180.00,64810.00,57250.00,44260.00,58260.00,55800.00,58510.00,61310.00,67880.00,72040.00,73570.00,81750.00,91300.00,94420.00,99790.00,113170.00,126140.00,127950.00,130220.00,134690.00,,
Islandia,ISL,Emisiones de metano (kt de equivalente de CO2),EN.ATM.METH.KT.CE,,,,,,,,,,,,,,,,,,,,,,,,,,,,,,,510.00,510.00,520.00,530.00,540.00,550.00,560.00,570.00,570.00,580.00,580.00,580.00,580.00,570.00,580.00,570.00,610.00,610.00,610.00,600.00,600.00,570.00,540.00,540.00,560.00,560.00,550.00,540.00,540.00,530.00,,
Israel,ISR,Emisiones de metano (kt de equivalente de CO2),EN.ATM.METH.KT.CE,,,,,,,,,,,,,,,,,,,,,,,,,,,,,,,8340.00,8600.00,8890.00,9170.00,9470.00,9760.00,10070.00,10140.00,10220.00,10300.00,10380.00,9000.00,7610.00,6250.00,6790.00,7360.00,7700.00,7800.00,7860.00,7910.00,7880.00,8070.00,8060.00,8510.00,8740.00,8990.00,9220.00,9430.00,9600.00,9740.00,,
Italia,ITA,Emisiones de metano (kt de equivalente de CO2),EN.ATM.METH.KT.CE,,,,,,,,,,,,,,,,,,,,,,,,,,,,,,,48740.00,47780.00,47870.00,47610.00,48080.00,48330.00,49190.00,49680.00,49420.00,49650.00,50870.00,49370.00,50180.00,50210.00,49500.00,49760.00,49210.00,49270.00,49350.00,48740.00,48990.00,46580.00,47270.00,45130.00,44070.00,44850.00,44720.00,44850.00,44580.00,44350.00,,
Jamaica,JAM,Emisiones de metano (kt de equivalente de CO2),EN.ATM.METH.KT.CE,,,,,,,,,,,,,,,,,,,,,,,,,,,,,,,1030.00,1080.00,1150.00,1150.00,1130.00,1150.00,1110.00,1090.00,1090.00,1100.00,1110.00,1110.00,1110.00,1160.00,1100.00,1070.00,860.00,820.00,820.00,810.00,810.00,820.00,830.00,830.00,830.00,820.00,800.00,790.00,790.00,790.00,,
Jordania,JOR,Emisiones de metano (kt de equivalente de CO2),EN.ATM.METH.KT.CE,,,,,,,,,,,,,,,,,,,,,,,,,,,,,,,8200.00,8680.00,9200.00,9630.00,9980.00,8950.00,7870.00,6790.00,5690.00,4670.00,3580.00,3650.00,3750.00,3850.00,4070.00,4220.00,4380.00,4630.00,4880.00,4980.00,4990.00,4980.00,5110.00,5310.00,5440.00,5800.00,6240.00,6390.00,6560.00,6710.00,,
Japón,JPN,Emisiones de metano (kt de equivalente de CO2),EN.ATM.METH.KT.CE,,,,,,,,,,,,,,,,,,,,,,,,,,,,,,,37470.00,37480.00,37920.00,37960.00,38290.00,37430.00,36500.00,35890.00,34670.00,34400.00,33960.00,33010.00,32850.00,32650.00,32470.00,32090.00,31960.00,31890.00,31210.00,30550.00,30520.00,30590.00,30500.00,30220.00,29660.00,28850.00,28550.00,28390.00,27920.00,27380.00,,
Kazajstán,KAZ,Emisiones de metano (kt de equivalente de CO2),EN.ATM.METH.KT.CE,,,,,,,,,,,,,,,,,,,,,,,,,,,,,,,40690.00,40600.00,37000.00,37060.00,36960.00,34280.00,31930.00,31070.00,29520.00,28370.00,29860.00,30830.00,39280.00,37720.00,41110.00,43310.00,45140.00,44560.00,46970.00,47080.00,48590.00,48680.00,47580.00,47310.00,48180.00,47350.00,45950.00,50650.00,49510.00,48890.00,,
Kenya,KEN,Emisiones de metano (kt de equivalente de CO2),EN.ATM.METH.KT.CE,,,,,,,,,,,,,,,,,,,,,,,,,,,,,,,18440.00,17760.00,17700.00,17650.00,17750.00,17710.00,16770.00,16790.00,17140.00,18240.00,16910.00,16930.00,17690.00,18830.00,20050.00,19570.00,19180.00,29870.00,30330.00,29180.00,29370.00,30130.00,29960.00,29490.00,29950.00,30440.00,32960.00,30860.00,32040.00,36840.00,,
Kirguistán,KGZ,Emisiones de metano (kt de equivalente de CO2),EN.ATM.METH.KT.CE,,,,,,,,,,,,,,,,,,,,,,,,,,,,,,,7320.00,7530.00,6760.00,5810.00,4440.00,3970.00,3730.00,3700.00,3540.00,3370.00,3420.00,3490.00,3550.00,3420.00,3600.00,3510.00,3550.00,3600.00,3670.00,3850.00,3890.00,3980.00,4070.00,4170.00,4360.00,4370.00,4480.00,4580.00,4720.00,4800.00,,
Camboya,KHM,Emisiones de metano (kt de equivalente de CO2),EN.ATM.METH.KT.CE,,,,,,,,,,,,,,,,,,,,,,,,,,,,,,,12140.00,11740.00,12040.00,12720.00,11490.00,13840.00,13860.00,14010.00,13950.00,14800.00,13950.00,13950.00,14160.00,15330.00,15020.00,16210.00,17100.00,17400.00,17590.00,18000.00,18190.00,18960.00,18410.00,18270.00,17770.00,17660.00,18130.00,18580.00,18470.00,18200.00,,
Kiribati,KIR,Emisiones de metano (kt de equivalente de CO2),EN.ATM.METH.KT.CE,,,,,,,,,,,,,,,,,,,,,,,,,,,,,,,10.00,10.00,10.00,10.00,10.00,10.00,10.00,20.00,20.00,20.00,20.00,20.00,20.00,20.00,20.00,20.00,20.00,20.00,20.00,20.00,20.00,20.00,20.00,20.00,20.00,20.00,20.00,20.00,20.00,20.00,,
Saint Kitts y Nevis,KNA,Emisiones de metano (kt de equivalente de CO2),EN.ATM.METH.KT.CE,,,,,,,,,,,,,,,,,,,,,,,,,,,,,,,70.00,70.00,70.00,70.00,70.00,70.00,70.00,70.00,70.00,70.00,70.00,70.00,70.00,70.00,70.00,80.00,80.00,80.00,80.00,80.00,80.00,80.00,80.00,80.00,80.00,80.00,80.00,80.00,80.00,80.00,,
Corea República de,KOR,Emisiones de metano (kt de equivalente de CO2),EN.ATM.METH.KT.CE,,,,,,,,,,,,,,,,,,,,,,,,,,,,,,,24350.00,24550.00,24660.00,24810.00,25120.00,25280.00,25940.00,26270.00,24600.00,24370.00,24590.00,25100.00,24920.00,24890.00,23930.00,24090.00,24120.00,23710.00,23700.00,24030.00,24270.00,23920.00,23960.00,23780.00,23460.00,23220.00,22920.00,22830.00,22840.00,22700.00,,
Kuwait,KWT,Emisiones de metano (kt de equivalente de CO2),EN.ATM.METH.KT.CE,,,,,,,,,,,,,,,,,,,,,,,,,,,,,,,9520.00,2410.00,8520.00,14940.00,16550.00,16690.00,16990.00,17540.00,17110.00,15890.00,17300.00,16890.00,16150.00,18590.00,19800.00,20860.00,21390.00,20680.00,21750.00,19590.00,20140.00,22050.00,23360.00,24330.00,24150.00,24320.00,25860.00,24380.00,24780.00,24710.00,,
América Latina y el Caribe (excluido altos ingresos),LAC,Emisiones de metano (kt de equivalente de CO2),EN.ATM.METH.KT.CE,,,,,,,,,,,,,,,,,,,,,,,,,,,,,,,667189.99,676100.00,687720.01,698720.00,712040.01,720590.00,711620.00,722880.00,730840.01,738870.01,749989.98,768580.00,796400.00,829660.01,852760.00,864850.00,868919.99,875950.00,879450.01,882590.01,903590.01,906230.01,912940.01,909509.99,927610.01,941370.00,946810.00,948070.02,946619.99,961080.01,,
República Democrática Popular Lao,LAO,Emisiones de metano (kt de equivalente de CO2),EN.ATM.METH.KT.CE,,,,,,,,,,,,,,,,,,,,,,,,,,,,,,,4820.00,4680.00,4850.00,4850.00,5100.00,5070.00,5050.00,5220.00,4870.00,4810.00,5380.00,5560.00,5660.00,5790.00,6020.00,5910.00,5960.00,6200.00,6370.00,6590.00,6950.00,6720.00,7260.00,7240.00,7400.00,7590.00,7850.00,7820.00,7610.00,7560.00,,
Líbano,LBN,Emisiones de metano (kt de equivalente de CO2),EN.ATM.METH.KT.CE,,,,,,,,,,,,,,,,,,,,,,,,,,,,,,,1230.00,1280.00,1310.00,1340.00,1360.00,1510.00,1680.00,1830.00,1980.00,2130.00,2260.00,2310.00,2360.00,2410.00,2460.00,2510.00,2560.00,2590.00,2660.00,2720.00,2770.00,2850.00,2920.00,2980.00,3050.00,3100.00,3180.00,3260.00,3340.00,3410.00,,
Liberia,LBR,Emisiones de metano (kt de equivalente de CO2),EN.ATM.METH.KT.CE,,,,,,,,,,,,,,,,,,,,,,,,,,,,,,,220.00,190.00,200.00,180.00,170.00,170.00,170.00,190.00,200.00,200.00,200.00,200.00,200.00,210.00,210.00,200.00,230.00,240.00,250.00,380.00,300.00,300.00,310.00,300.00,330.00,400.00,350.00,330.00,340.00,370.00,,
Libia,LBY,Emisiones de metano (kt de equivalente de CO2),EN.ATM.METH.KT.CE,,,,,,,,,,,,,,,,,,,,,,,,,,,,,,,57510.00,62080.00,56200.00,59220.00,65580.00,68880.00,69880.00,65390.00,65400.00,60700.00,64040.00,60480.00,58220.00,63540.00,68640.00,73970.00,76070.00,75940.00,76770.00,70360.00,74210.00,29850.00,70810.00,51810.00,34530.00,33720.00,33830.00,51330.00,58800.00,63350.00,,
Santa Lucía,LCA,Emisiones de metano (kt de equivalente de CO2),EN.ATM.METH.KT.CE,,,,,,,,,,,,,,,,,,,,,,,,,,,,,,,680.00,690.00,710.00,720.00,730.00,650.00,560.00,480.00,390.00,310.00,220.00,220.00,220.00,230.00,230.00,230.00,230.00,240.00,240.00,240.00,250.00,250.00,250.00,250.00,260.00,260.00,260.00,270.00,270.00,270.00,,
América Latina y el Caribe,LCN,Emisiones de metano (kt de equivalente de CO2),EN.ATM.METH.KT.CE,,,,,,,,,,,,,,,,,,,,,,,,,,,,,,,840379.98,861100.00,874750.02,890259.99,907280.01,928660.01,935200.01,957570.00,969100.00,964730.01,982549.99,1001779.99,1021580.00,1048090.01,1084810.00,1102820.01,1107179.99,1112410.00,1119250.01,1111590.00,1128490.00,1133130.01,1153600.00,1151769.99,1167710.00,1174510.00,1169870.01,1152010.02,1131919.98,1127470.01,,
Países menos desarrollados: clasificación de las Naciones Unidas,LDC,Emisiones de metano (kt de equivalente de CO2),EN.ATM.METH.KT.CE,,,,,,,,,,,,,,,,,,,,,,,,,,,,,,,445900.00,452320.00,463130.00,473970.00,488310.00,502250.00,509670.00,519750.00,541289.99,553670.00,564030.00,567630.00,595870.00,618980.00,631800.01,660199.99,668390.00,688670.00,709400.00,720170.00,745790.01,749470.00,740690.00,757770.00,767890.01,776000.00,787680.00,798970.00,808920.01,816670.01,,
Países de ingreso bajo,LIC,Emisiones de metano (kt de equivalente de CO2),EN.ATM.METH.KT.CE,,,,,,,,,,,,,,,,,,,,,,,,,,,,,,,299460.00,309280.00,318730.00,325540.00,336660.00,341320.00,347070.00,356280.00,372660.00,376490.00,383530.00,383810.00,406280.00,419740.00,422020.00,438510.00,441240.00,454500.00,467190.00,475830.00,495740.00,495650.00,477210.00,483920.00,491010.00,491610.00,499810.00,507590.01,517680.00,522680.00,,
Liechtenstein,LIE,Emisiones de metano (kt de equivalente de CO2),EN.ATM.METH.KT.CE,,,,,,,,,,,,,,,,,,,,,,,,,,,,,,,0.00,0.00,0.00,0.00,0.00,0.00,0.00,0.00,0.00,0.00,0.00,0.00,0.00,0.00,0.00,0.00,0.00,0.00,0.00,0.00,0.00,0.00,0.00,0.00,0.00,0.00,0.00,0.00,0.00,0.00,,
Sri Lanka,LKA,Emisiones de metano (kt de equivalente de CO2),EN.ATM.METH.KT.CE,,,,,,,,,,,,,,,,,,,,,,,,,,,,,,,17860.00,17610.00,18020.00,18390.00,18430.00,18540.00,15890.00,13900.00,11120.00,9440.00,7300.00,7140.00,7250.00,7580.00,7180.00,7800.00,7820.00,7630.00,8300.00,8130.00,8600.00,8680.00,8940.00,8930.00,8000.00,8950.00,8470.00,7590.00,8430.00,8220.00,,
Países de ingreso mediano bajo,LMC,Emisiones de metano (kt de equivalente de CO2),EN.ATM.METH.KT.CE,,,,,,,,,,,,,,,,,,,,,,,,,,,,,,,1729950.00,1766680.03,1787090.00,1813679.99,1836990.02,1871370.02,1901199.98,1912579.98,1918609.98,1953129.97,1975550.03,1971979.98,1969720.02,2020620.01,2046399.98,2087650.00,2117149.97,2152410.00,2171460.02,2165779.99,2192770.00,2217130.02,2217789.97,2229670.02,2256970.01,2279319.99,2332710.03,2369630.00,2395840.02,2392640.03,,
Ingreso mediano y bajo,LMY,Emisiones de metano (kt de equivalente de CO2),EN.ATM.METH.KT.CE,,,,,,,,,,,,,,,,,,,,,,,,,,,,,,,4641780.01,4643140.04,4620320.02,4657209.96,4692170.02,4758239.98,4777009.97,4740510.00,4784000.00,4840559.97,4906270.02,4916460.03,4961800.03,5119810.05,5248789.97,5381950.00,5465929.94,5572399.99,5648820.03,5640939.99,5800420.03,5865780.05,5904980.04,5930460.04,5985320.03,6030909.96,6086739.99,6185690.03,6287689.96,6342990.05,,
Lesotho,LSO,Emisiones de metano (kt de equivalente de CO2),EN.ATM.METH.KT.CE,,,,,,,,,,,,,,,,,,,,,,,,,,,,,,,1000.00,1000.00,1100.00,1080.00,1050.00,1010.00,980.00,950.00,900.00,1220.00,1170.00,1160.00,1060.00,1090.00,1050.00,1140.00,1100.00,1120.00,1090.00,1100.00,1090.00,1110.00,1120.00,1050.00,1030.00,1020.00,1000.00,1090.00,1070.00,1040.00,,
avanzada del dividendo demográfico,LTE,Emisiones de metano (kt de equivalente de CO2),EN.ATM.METH.KT.CE,,,,,,,,,,,,,,,,,,,,,,,,,,,,,,,2280730.02,2262480.01,2234630.01,2217579.97,2215000.00,2236859.97,2221940.00,2163460.01,2165350.02,2169480.00,2187449.99,2204400.05,2231880.01,2322580.05,2400869.99,2474090.01,2521169.98,2568789.98,2600070.00,2616470.00,2721400.03,2783270.03,2791010.07,2823020.03,2841190.02,2852019.97,2834079.97,2863060.03,2917739.95,2957550.01,,
Lituania,LTU,Emisiones de metano (kt de equivalente de CO2),EN.ATM.METH.KT.CE,,,,,,,,,,,,,,,,,,,,,,,,,,,,,,,7120.00,7050.00,7350.00,6290.00,5590.00,5180.00,5010.00,5010.00,4870.00,4600.00,4420.00,4160.00,4200.00,4260.00,4300.00,4260.00,4220.00,4230.00,4070.00,3930.00,3880.00,3720.00,3690.00,3580.00,3480.00,3450.00,3350.00,3270.00,3120.00,3030.00,,
Luxemburgo,LUX,Emisiones de metano (kt de equivalente de CO2),EN.ATM.METH.KT.CE,,,,,,,,,,,,,,,,,,,,,,,,,,,,,,,600.00,610.00,610.00,610.00,600.00,600.00,600.00,600.00,590.00,610.00,590.00,590.00,590.00,580.00,580.00,570.00,570.00,580.00,580.00,580.00,580.00,560.00,550.00,560.00,560.00,560.00,560.00,570.00,560.00,560.00,,
Letonia,LVA,Emisiones de metano (kt de equivalente de CO2),EN.ATM.METH.KT.CE,,,,,,,,,,,,,,,,,,,,,,,,,,,,,,,4060.00,4070.00,4600.00,3990.00,2910.00,2640.00,2600.00,2490.00,2410.00,2290.00,2170.00,2200.00,2240.00,2180.00,2130.00,2150.00,2150.00,2140.00,2160.00,2110.00,2060.00,2000.00,2060.00,2070.00,2120.00,2040.00,2050.00,2050.00,2000.00,1980.00,,
Región Administrativa Especial de Macao China,MAC,Emisiones de metano (kt de equivalente de CO2),EN.ATM.METH.KT.CE,,,,,,,,,,,,,,,,,,,,,,,,,,,,,,,,,,,,,,,,,,,,,,,,,,,,,,,,,,,,,,
Isla de San Martín (parte francesa),MAF,Emisiones de metano (kt de equivalente de CO2),EN.ATM.METH.KT.CE,,,,,,,,,,,,,,,,,,,,,,,,,,,,,,,,,,,,,,,,,,,,,,,,,,,,,,,,,,,,,,
Marruecos,MAR,Emisiones de metano (kt de equivalente de CO2),EN.ATM.METH.KT.CE,,,,,,,,,,,,,,,,,,,,,,,,,,,,,,,8920.00,8770.00,8630.00,7870.00,8150.00,8190.00,8520.00,8910.00,8900.00,9220.00,9540.00,9550.00,9540.00,9690.00,10200.00,10230.00,10360.00,10300.00,10380.00,10380.00,10610.00,11010.00,11100.00,11290.00,11480.00,11550.00,11670.00,11770.00,11970.00,12160.00,,
Mónaco,MCO,Emisiones de metano (kt de equivalente de CO2),EN.ATM.METH.KT.CE,,,,,,,,,,,,,,,,,,,,,,,,,,,,,,,,,,,,,,,,,,,,,,,,,,,,,,,,,,,,,,
República de Moldova,MDA,Emisiones de metano (kt de equivalente de CO2),EN.ATM.METH.KT.CE,,,,,,,,,,,,,,,,,,,,,,,,,,,,,,,5500.00,5530.00,5170.00,4760.00,5000.00,4910.00,4930.00,4400.00,4030.00,4030.00,3860.00,3610.00,3650.00,3700.00,3630.00,3550.00,3440.00,3490.00,3320.00,3240.00,3410.00,3450.00,3440.00,3430.00,3470.00,3470.00,3460.00,3490.00,3450.00,3340.00,,
Madagascar,MDG,Emisiones de metano (kt de equivalente de CO2),EN.ATM.METH.KT.CE,,,,,,,,,,,,,,,,,,,,,,,,,,,,,,,16560.00,16500.00,16710.00,17000.00,16550.00,16760.00,16770.00,16750.00,17200.00,17040.00,16810.00,15930.00,14910.00,15920.00,15360.00,17350.00,16890.00,17650.00,17150.00,17550.00,17580.00,17000.00,17460.00,16070.00,16170.00,15830.00,16540.00,15690.00,16000.00,15950.00,,
Maldivas,MDV,Emisiones de metano (kt de equivalente de CO2),EN.ATM.METH.KT.CE,,,,,,,,,,,,,,,,,,,,,,,,,,,,,,,40.00,40.00,50.00,50.00,50.00,50.00,50.00,50.00,60.00,60.00,60.00,60.00,60.00,70.00,70.00,70.00,70.00,80.00,80.00,90.00,90.00,90.00,100.00,100.00,110.00,110.00,120.00,120.00,130.00,130.00,,
Oriente Medio y Norte de África,MEA,Emisiones de metano (kt de equivalente de CO2),EN.ATM.METH.KT.CE,,,,,,,,,,,,,,,,,,,,,,,,,,,,,,,475690.00,470900.00,490070.00,518770.00,540330.01,558130.00,571929.99,595390.00,617780.00,630029.99,659030.01,649420.00,640740.00,670590.00,696560.00,720469.99,739600.01,749400.01,764709.99,755000.00,778849.99,759969.99,805950.00,786699.99,785030.00,800429.99,853260.01,885040.00,902580.00,890469.99,,
México,MEX,Emisiones de metano (kt de equivalente de CO2),EN.ATM.METH.KT.CE,,,,,,,,,,,,,,,,,,,,,,,,,,,,,,,92540.00,93800.00,93270.00,100790.00,101560.00,101490.00,102250.00,104870.00,105760.00,104600.00,107600.00,108150.00,111000.00,115110.00,116210.00,117650.00,120810.00,121780.00,123170.00,123530.00,125170.00,127940.00,127460.00,121280.00,129870.00,137470.00,137740.01,136020.00,137679.99,138800.00,,
Islas Marshall,MHL,Emisiones de metano (kt de equivalente de CO2),EN.ATM.METH.KT.CE,,,,,,,,,,,,,,,,,,,,,,,,,,,,,,,20.00,30.00,30.00,30.00,30.00,30.00,30.00,30.00,30.00,30.00,30.00,30.00,30.00,30.00,30.00,30.00,30.00,30.00,30.00,30.00,30.00,30.00,30.00,30.00,30.00,30.00,30.00,30.00,30.00,30.00,,
 Ingreso mediano,MIC,Emisiones de metano (kt de equivalente de CO2),EN.ATM.METH.KT.CE,,,,,,,,,,,,,,,,,,,,,,,,,,,,,,,4342320.01,4333860.04,4301590.02,4331669.96,4355510.02,4416919.98,4429939.97,4384230.00,4411340.00,4464069.97,4522740.02,4532650.03,4555520.03,4700070.06,4826769.96,4943440.00,5024689.94,5117899.99,5181630.03,5165109.99,5304680.03,5370130.05,5427770.04,5446540.04,5494310.02,5539299.96,5586930.00,5678100.03,5770009.95,5820310.04,,
Macedonia del Norte,MKD,Emisiones de metano (kt de equivalente de CO2),EN.ATM.METH.KT.CE,,,,,,,,,,,,,,,,,,,,,,,,,,,,,,,2590.00,2530.00,2370.00,2380.00,2310.00,2340.00,2340.00,2320.00,2270.00,2170.00,2230.00,2180.00,2160.00,2230.00,2270.00,2240.00,2270.00,2280.00,2310.00,2240.00,2290.00,2330.00,2300.00,2310.00,2340.00,2390.00,2410.00,2450.00,2440.00,2350.00,,
Malí,MLI,Emisiones de metano (kt de equivalente de CO2),EN.ATM.METH.KT.CE,,,,,,,,,,,,,,,,,,,,,,,,,,,,,,,8830.00,8800.00,8810.00,8920.00,9090.00,9330.00,9830.00,9960.00,10530.00,11240.00,12020.00,11920.00,12160.00,12690.00,13820.00,14370.00,14310.00,14920.00,15700.00,15820.00,17020.00,17320.00,17720.00,18310.00,18510.00,19140.00,20960.00,21430.00,22200.00,22960.00,,
Malta,MLT,Emisiones de metano (kt de equivalente de CO2),EN.ATM.METH.KT.CE,,,,,,,,,,,,,,,,,,,,,,,,,,,,,,,150.00,160.00,170.00,180.00,190.00,180.00,190.00,200.00,200.00,210.00,220.00,220.00,230.00,240.00,240.00,260.00,260.00,270.00,190.00,200.00,220.00,200.00,200.00,190.00,200.00,210.00,220.00,220.00,220.00,220.00,,
Myanmar,MMR,Emisiones de metano (kt de equivalente de CO2),EN.ATM.METH.KT.CE,,,,,,,,,,,,,,,,,,,,,,,,,,,,,,,40490.00,39930.00,42190.00,44080.00,45380.00,46970.00,46420.00,45320.00,46040.00,49510.00,50350.00,51340.00,51850.00,53150.00,55130.00,57780.00,61090.00,62470.00,63310.00,64170.00,65150.00,63280.00,63290.00,64070.00,65080.00,66530.00,67620.00,69770.00,72160.00,73050.00,,
Oriente Medio y Norte de África (excluido altos ingresos),MNA,Emisiones de metano (kt de equivalente de CO2),EN.ATM.METH.KT.CE,,,,,,,,,,,,,,,,,,,,,,,,,,,,,,,362460.00,346180.00,355480.00,378530.00,398860.01,413329.99,422899.99,439829.99,461290.01,476940.00,496010.00,487510.00,481140.00,496699.99,517580.00,532109.99,546910.01,556960.01,564250.00,562700.00,577409.99,542100.00,579240.00,554250.00,551400.00,559549.99,602610.01,637510.00,649650.00,636649.99,,
Montenegro,MNE,Emisiones de metano (kt de equivalente de CO2),EN.ATM.METH.KT.CE,,,,,,,,,,,,,,,,,,,,,,,,,,,,,,,950.00,930.00,830.00,820.00,810.00,840.00,840.00,840.00,830.00,790.00,730.00,700.00,700.00,690.00,690.00,700.00,730.00,760.00,780.00,820.00,850.00,810.00,820.00,810.00,820.00,830.00,820.00,810.00,800.00,780.00,,
Mongolia,MNG,Emisiones de metano (kt de equivalente de CO2),EN.ATM.METH.KT.CE,,,,,,,,,,,,,,,,,,,,,,,,,,,,,,,8710.00,9000.00,8730.00,8610.00,8450.00,9110.00,9640.00,10190.00,10470.00,10920.00,11100.00,9490.00,7700.00,7750.00,7410.00,8230.00,9160.00,10480.00,10670.00,11000.00,8940.00,10260.00,11520.00,12400.00,14170.00,15750.00,16790.00,17710.00,17630.00,18790.00,,
Mariana,MNP,Emisiones de metano (kt de equivalente de CO2),EN.ATM.METH.KT.CE,,,,,,,,,,,,,,,,,,,,,,,,,,,,,,,,,,,,,,,,,,,,,,,,,,,,,,,,,,,,,,
Mozambique,MOZ,Emisiones de metano (kt de equivalente de CO2),EN.ATM.METH.KT.CE,,,,,,,,,,,,,,,,,,,,,,,,,,,,,,,9260.00,9640.00,10060.00,10490.00,10890.00,10980.00,10920.00,10300.00,11620.00,11270.00,10860.00,11620.00,12690.00,12860.00,12950.00,14290.00,13780.00,13620.00,14280.00,13050.00,13970.00,14050.00,15180.00,15960.00,16160.00,15680.00,15350.00,16030.00,18500.00,17540.00,,
Mauritania,MRT,Emisiones de metano (kt de equivalente de CO2),EN.ATM.METH.KT.CE,,,,,,,,,,,,,,,,,,,,,,,,,,,,,,,3990.00,4120.00,4020.00,4150.00,4060.00,4080.00,4330.00,4550.00,4750.00,5040.00,5260.00,5320.00,5380.00,5490.00,5420.00,5500.00,5820.00,5630.00,5160.00,5470.00,5710.00,5770.00,5930.00,6080.00,6290.00,6390.00,6610.00,6640.00,6850.00,7010.00,,
Mauricio,MUS,Emisiones de metano (kt de equivalente de CO2),EN.ATM.METH.KT.CE,,,,,,,,,,,,,,,,,,,,,,,,,,,,,,,900.00,910.00,920.00,930.00,940.00,950.00,1040.00,1130.00,1230.00,1320.00,1410.00,1540.00,1460.00,1510.00,1520.00,1510.00,1590.00,1620.00,1650.00,1670.00,1700.00,1730.00,1770.00,1800.00,1830.00,1860.00,1880.00,1900.00,1930.00,1950.00,,
Malawi,MWI,Emisiones de metano (kt de equivalente de CO2),EN.ATM.METH.KT.CE,,,,,,,,,,,,,,,,,,,,,,,,,,,,,,,1350.00,1340.00,1330.00,1350.00,1260.00,1280.00,1320.00,1310.00,1440.00,1440.00,1530.00,1530.00,1580.00,1670.00,1650.00,1730.00,1770.00,1910.00,2090.00,2160.00,2380.00,2490.00,2650.00,2770.00,2900.00,3100.00,3270.00,3380.00,3770.00,3950.00,,
Malasia,MYS,Emisiones de metano (kt de equivalente de CO2),EN.ATM.METH.KT.CE,,,,,,,,,,,,,,,,,,,,,,,,,,,,,,,18560.00,19190.00,19430.00,20080.00,21050.00,21690.00,22650.00,23710.00,23770.00,23970.00,24820.00,25100.00,25850.00,26890.00,28320.00,29200.00,29640.00,30730.00,31780.00,31520.00,31790.00,31960.00,32760.00,34550.00,35470.00,36250.00,36240.00,35990.00,36480.00,36810.00,,
América del Norte,NAC,Emisiones de metano (kt de equivalente de CO2),EN.ATM.METH.KT.CE,,,,,,,,,,,,,,,,,,,,,,,,,,,,,,,718930.02,722149.99,727499.98,722070.02,736100.03,736889.99,736499.98,728870.00,719019.98,705900.02,701919.98,697280.00,692160.02,693199.98,695149.97,697929.99,700769.99,704899.99,709329.99,695630.00,713299.99,719340.01,730729.97,735979.98,761649.97,762699.99,746799.97,767050.02,811130.03,846210.01,,
Namibia,NAM,Emisiones de metano (kt de equivalente de CO2),EN.ATM.METH.KT.CE,,,,,,,,,,,,,,,,,,,,,,,,,,,,,,,4410.00,4580.00,4500.00,4360.00,4340.00,4320.00,4190.00,4110.00,4430.00,4480.00,4930.00,4720.00,4190.00,4450.00,4610.00,4990.00,5470.00,5120.00,4310.00,5660.00,5300.00,7570.00,8290.00,4830.00,4450.00,4330.00,4690.00,4660.00,4240.00,3790.00,,
Nueva Caledonia,NCL,Emisiones de metano (kt de equivalente de CO2),EN.ATM.METH.KT.CE,,,,,,,,,,,,,,,,,,,,,,,,,,,,,,,,,,,,,,,,,,,,,,,,,,,,,,,,,,,,,,
Níger,NER,Emisiones de metano (kt de equivalente de CO2),EN.ATM.METH.KT.CE,,,,,,,,,,,,,,,,,,,,,,,,,,,,,,,8650.00,8980.00,9300.00,9710.00,10070.00,10440.00,10870.00,11420.00,11830.00,12300.00,12560.00,13090.00,13600.00,14170.00,14770.00,15340.00,15950.00,16700.00,17450.00,18250.00,18090.00,18810.00,19750.00,20990.00,21940.00,22760.00,23840.00,24920.00,26100.00,27260.00,,
Nigeria,NGA,Emisiones de metano (kt de equivalente de CO2),EN.ATM.METH.KT.CE,,,,,,,,,,,,,,,,,,,,,,,,,,,,,,,126250.00,132530.00,136780.00,138410.00,140830.00,137000.00,137649.99,130440.00,120000.00,110920.00,110050.00,111990.00,105610.00,114830.00,117340.00,119240.00,116960.00,115320.00,114190.00,110620.00,119400.00,122860.00,123810.00,122570.00,124010.00,124040.00,127370.00,131480.00,134240.01,135840.00,,
Nicaragua,NIC,Emisiones de metano (kt de equivalente de CO2),EN.ATM.METH.KT.CE,,,,,,,,,,,,,,,,,,,,,,,,,,,,,,,5490.00,4500.00,4950.00,5500.00,5540.00,4910.00,4810.00,5250.00,5170.00,6030.00,6270.00,6310.00,6430.00,6740.00,6530.00,6830.00,6920.00,6940.00,6990.00,7060.00,7210.00,7810.00,8080.00,8470.00,8840.00,9150.00,9120.00,8850.00,9210.00,9420.00,,
Países Bajos,NLD,Emisiones de metano (kt de equivalente de CO2),EN.ATM.METH.KT.CE,,,,,,,,,,,,,,,,,,,,,,,,,,,,,,,29710.00,30020.00,29540.00,28920.00,28160.00,27450.00,26800.00,25950.00,25090.00,24190.00,23180.00,22580.00,21580.00,20800.00,20420.00,19020.00,18400.00,18210.00,18330.00,18140.00,17990.00,17480.00,17190.00,17270.00,17270.00,17500.00,17440.00,16590.00,15530.00,15540.00,,
Noruega,NOR,Emisiones de metano (kt de equivalente de CO2),EN.ATM.METH.KT.CE,,,,,,,,,,,,,,,,,,,,,,,,,,,,,,,5790.00,5860.00,5950.00,5960.00,6090.00,6150.00,6240.00,6230.00,6060.00,5910.00,5930.00,5860.00,5760.00,5760.00,5680.00,5520.00,5430.00,5270.00,5200.00,5170.00,5120.00,5010.00,4950.00,4830.00,4750.00,4760.00,4760.00,4720.00,4610.00,4540.00,,
Nepal,NPL,Emisiones de metano (kt de equivalente de CO2),EN.ATM.METH.KT.CE,,,,,,,,,,,,,,,,,,,,,,,,,,,,,,,16310.00,16280.00,15950.00,16520.00,16770.00,17570.00,17830.00,18030.00,18230.00,18480.00,18730.00,18830.00,19110.00,19410.00,19720.00,19980.00,20260.00,20360.00,21000.00,21450.00,21600.00,22030.00,22200.00,22460.00,22630.00,22490.00,22570.00,23170.00,23260.00,23550.00,,
Nauru,NRU,Emisiones de metano (kt de equivalente de CO2),EN.ATM.METH.KT.CE,,,,,,,,,,,,,,,,,,,,,,,,,,,,,,,0.00,0.00,0.00,0.00,0.00,0.00,0.00,0.00,0.00,0.00,0.00,0.00,0.00,0.00,0.00,0.00,0.00,0.00,0.00,0.00,0.00,0.00,0.00,0.00,0.00,0.00,0.00,0.00,0.00,0.00,,
Nueva Zelandia,NZL,Emisiones de metano (kt de equivalente de CO2),EN.ATM.METH.KT.CE,,,,,,,,,,,,,,,,,,,,,,,,,,,,,,,32860.00,32450.00,32150.00,32120.00,32900.00,33650.00,33230.00,33550.00,32840.00,33170.00,32620.00,32940.00,33710.00,33870.00,33790.00,33710.00,33890.00,33780.00,33150.00,33470.00,33430.00,33380.00,33870.00,33690.00,33980.00,33100.00,33080.00,32860.00,32710.00,32520.00,,
Miembros OCDE,OED,Emisiones de metano (kt de equivalente de CO2),EN.ATM.METH.KT.CE,,,,,,,,,,,,,,,,,,,,,,,,,,,,,,,1760550.03,1757369.99,1752859.97,1749110.02,1762730.04,1760429.99,1754289.97,1746050.01,1730269.98,1722140.03,1724779.97,1718440.00,1700120.02,1656269.98,1667339.98,1645110.00,1662889.98,1660729.98,1642279.99,1623059.99,1629199.99,1673940.02,1678399.96,1629999.98,1668969.96,1667930.00,1636939.98,1678230.02,1720980.03,1742420.00,,
Omán,OMN,Emisiones de metano (kt de equivalente de CO2),EN.ATM.METH.KT.CE,,,,,,,,,,,,,,,,,,,,,,,,,,,,,,,7190.00,7450.00,8000.00,9090.00,9930.00,10550.00,10880.00,11440.00,11100.00,11510.00,12620.00,13510.00,13320.00,13530.00,13220.00,13510.00,13650.00,13350.00,13720.00,14250.00,14950.00,15610.00,16680.00,17880.00,17890.00,18380.00,19370.00,19000.00,20190.00,20240.00,,
Otros Estados pequeos,OSS,Emisiones de metano (kt de equivalente de CO2),EN.ATM.METH.KT.CE,,,,,,,,,,,,,,,,,,,,,,,,,,,,,,,38540.00,39980.00,41070.00,41980.00,43120.00,44580.00,46330.00,49450.00,50670.00,51400.00,52810.00,55760.00,55550.00,56730.00,60030.00,62570.00,65390.00,65840.00,71450.00,69080.00,78100.00,83600.00,79780.00,76580.00,77520.00,76980.00,76790.00,77370.00,75610.00,74820.00,,
Pakistán,PAK,Emisiones de metano (kt de equivalente de CO2),EN.ATM.METH.KT.CE,,,,,,,,,,,,,,,,,,,,,,,,,,,,,,,72880.00,74560.00,75820.00,77950.00,79140.00,81060.00,84740.00,86580.00,88890.00,91820.00,93460.00,94860.00,97460.00,102170.00,105410.00,108630.00,115490.00,118850.00,123100.00,126250.00,125460.00,131570.01,134240.01,139560.00,143399.99,146050.00,149350.01,153179.99,157679.99,162759.99,,
Panamá,PAN,Emisiones de metano (kt de equivalente de CO2),EN.ATM.METH.KT.CE,,,,,,,,,,,,,,,,,,,,,,,,,,,,,,,4010.00,4080.00,4170.00,4240.00,4310.00,4200.00,4070.00,3830.00,3760.00,3620.00,3430.00,3760.00,3820.00,3840.00,3860.00,3990.00,4060.00,4070.00,4260.00,4360.00,4440.00,4640.00,4720.00,4790.00,4730.00,4700.00,4790.00,4820.00,4950.00,4960.00,,
Perú,PER,Emisiones de metano (kt de equivalente de CO2),EN.ATM.METH.KT.CE,,,,,,,,,,,,,,,,,,,,,,,,,,,,,,,17310.00,17000.00,16950.00,17060.00,18120.00,19530.00,20610.00,21490.00,22930.00,24720.00,25610.00,25740.00,26160.00,26440.00,26360.00,27510.00,27480.00,27920.00,28550.00,29260.00,30010.00,30790.00,31150.00,31340.00,31720.00,31730.00,32170.00,31980.00,32260.00,32510.00,,
Filipinas,PHL,Emisiones de metano (kt de equivalente de CO2),EN.ATM.METH.KT.CE,,,,,,,,,,,,,,,,,,,,,,,,,,,,,,,45340.00,46250.00,44490.00,45640.00,48920.00,50390.00,52480.00,52200.00,46920.00,54110.00,54710.00,55260.00,55910.00,56100.00,57390.00,57250.00,58090.00,59560.00,61270.00,62320.00,60890.00,62130.00,63340.00,63950.00,64150.00,63670.00,63260.00,65580.00,65790.00,64730.00,,
Palau,PLW,Emisiones de metano (kt de equivalente de CO2),EN.ATM.METH.KT.CE,,,,,,,,,,,,,,,,,,,,,,,,,,,,,,,10.00,10.00,10.00,10.00,10.00,10.00,10.00,10.00,20.00,20.00,20.00,20.00,20.00,20.00,20.00,20.00,20.00,20.00,20.00,20.00,20.00,20.00,20.00,20.00,20.00,20.00,20.00,20.00,20.00,20.00,,
Papua Nueva Guinea,PNG,Emisiones de metano (kt de equivalente de CO2),EN.ATM.METH.KT.CE,,,,,,,,,,,,,,,,,,,,,,,,,,,,,,,2880.00,3870.00,4890.00,5910.00,6940.00,7960.00,7730.00,7620.00,7360.00,7160.00,6950.00,6830.00,6740.00,6560.00,6450.00,6130.00,6200.00,6130.00,6150.00,6170.00,6200.00,7090.00,8010.00,8880.00,9840.00,10790.00,10720.00,10780.00,10900.00,10860.00,,
Polonia,POL,Emisiones de metano (kt de equivalente de CO2),EN.ATM.METH.KT.CE,,,,,,,,,,,,,,,,,,,,,,,,,,,,,,,45340.00,43600.00,41840.00,41170.00,40040.00,39060.00,38300.00,38090.00,36630.00,35750.00,34390.00,33590.00,33370.00,33310.00,32680.00,32980.00,33390.00,33090.00,32740.00,32420.00,32970.00,31890.00,31390.00,31120.00,30390.00,29990.00,29170.00,29530.00,29400.00,29000.00,,
previa al dividendo demográfico,PRE,Emisiones de metano (kt de equivalente de CO2),EN.ATM.METH.KT.CE,,,,,,,,,,,,,,,,,,,,,,,,,,,,,,,465350.00,447200.00,464720.00,480980.00,496280.00,501910.00,508170.00,524070.00,552060.00,558660.00,569160.01,567500.00,572530.00,590130.00,617430.00,637810.00,635740.00,657300.00,676340.00,677940.00,704130.00,720440.00,720140.00,732109.99,749410.01,775700.00,805100.00,811020.00,826040.01,842210.00,,
Puerto Rico,PRI,Emisiones de metano (kt de equivalente de CO2),EN.ATM.METH.KT.CE,,,,,,,,,,,,,,,,,,,,,,,,,,,,,,,,,,,,,,,,,,,,,,,,,,,,,,,,,,,,,,
Corea República Popular Democrática de,PRK,Emisiones de metano (kt de equivalente de CO2),EN.ATM.METH.KT.CE,,,,,,,,,,,,,,,,,,,,,,,,,,,,,,,26630.00,25130.00,23780.00,22430.00,21100.00,19670.00,18030.00,16800.00,15520.00,14400.00,13030.00,13390.00,13590.00,13730.00,13850.00,14020.00,14600.00,15100.00,15650.00,16150.00,16710.00,16870.00,17110.00,17150.00,17270.00,17210.00,17350.00,17940.00,17950.00,18080.00,,
Portugal,PRT,Emisiones de metano (kt de equivalente de CO2),EN.ATM.METH.KT.CE,,,,,,,,,,,,,,,,,,,,,,,,,,,,,,,11090.00,11190.00,11290.00,11270.00,11690.00,11900.00,12030.00,12230.00,12490.00,12580.00,12600.00,12400.00,12650.00,12950.00,13100.00,12720.00,12550.00,12430.00,11990.00,11820.00,11630.00,11920.00,11680.00,11480.00,11460.00,11490.00,11440.00,11570.00,11330.00,11350.00,,
Paraguay,PRY,Emisiones de metano (kt de equivalente de CO2),EN.ATM.METH.KT.CE,,,,,,,,,,,,,,,,,,,,,,,,,,,,,,,17580.00,16720.00,17180.00,18360.00,19290.00,20430.00,20110.00,20320.00,20490.00,20690.00,20350.00,21450.00,20800.00,22270.00,21120.00,21910.00,22080.00,23280.00,22830.00,24410.00,25490.00,25990.00,27190.00,27690.00,29060.00,28800.00,28720.00,29390.00,28330.00,29170.00,,
Ribera Occidental y Gaza,PSE,Emisiones de metano (kt de equivalente de CO2),EN.ATM.METH.KT.CE,,,,,,,,,,,,,,,,,,,,,,,,,,,,,,,,,,,,,,,,,,,,,,,,,,,,,,,,,,,,,,
Estados pequeos de las Islas del Pacfico,PSS,Emisiones de metano (kt de equivalente de CO2),EN.ATM.METH.KT.CE,,,,,,,,,,,,,,,,,,,,,,,,,,,,,,,1590.00,1640.00,1670.00,1740.00,1820.00,1880.00,1890.00,1890.00,1910.00,1880.00,1880.00,1910.00,1880.00,1890.00,1920.00,1940.00,1950.00,2010.00,2030.00,2020.00,2030.00,2070.00,2090.00,2110.00,1720.00,1760.00,1780.00,1820.00,1840.00,1900.00,,
posterior al dividendo demográfico,PST,Emisiones de metano (kt de equivalente de CO2),EN.ATM.METH.KT.CE,,,,,,,,,,,,,,,,,,,,,,,,,,,,,,,1630640.03,1624119.99,1606839.98,1588170.02,1596650.04,1588859.99,1578099.98,1560290.00,1536939.98,1529610.03,1527219.97,1519170.00,1499930.02,1453119.98,1460709.98,1432579.99,1444329.98,1438829.98,1416169.98,1394299.99,1397159.99,1438850.01,1443769.97,1402999.98,1430639.96,1424239.99,1389669.97,1429510.02,1466590.03,1481800.00,,
Polinesia Francesa,PYF,Emisiones de metano (kt de equivalente de CO2),EN.ATM.METH.KT.CE,,,,,,,,,,,,,,,,,,,,,,,,,,,,,,,,,,,,,,,,,,,,,,,,,,,,,,,,,,,,,,
Qatar,QAT,Emisiones de metano (kt de equivalente de CO2),EN.ATM.METH.KT.CE,,,,,,,,,,,,,,,,,,,,,,,,,,,,,,,2710.00,3310.00,3200.00,4050.00,4630.00,4780.00,5370.00,7570.00,7770.00,8220.00,9150.00,8700.00,8680.00,9950.00,10910.00,10860.00,11680.00,12870.00,14160.00,14830.00,17230.00,19230.00,20650.00,21400.00,20870.00,20860.00,21230.00,21250.00,21480.00,21450.00,,
Rumania,ROU,Emisiones de metano (kt de equivalente de CO2),EN.ATM.METH.KT.CE,,,,,,,,,,,,,,,,,,,,,,,,,,,,,,,30510.00,27410.00,24770.00,22550.00,22320.00,21650.00,21930.00,21420.00,20510.00,20080.00,19610.00,18900.00,18760.00,19280.00,19380.00,19330.00,19290.00,19280.00,19220.00,18710.00,18360.00,16490.00,17040.00,17210.00,17290.00,17310.00,17170.00,17190.00,16940.00,16760.00,,
Federación de Rusia,RUS,Emisiones de metano (kt de equivalente de CO2),EN.ATM.METH.KT.CE,,,,,,,,,,,,,,,,,,,,,,,,,,,,,,,693140.01,663739.99,629190.00,603810.00,577729.98,555599.98,540349.98,514739.99,512070.01,516950.01,523310.00,532330.02,539620.00,572650.02,574659.97,589200.01,586440.00,593120.00,592690.00,573750.00,596299.99,604900.02,601710.02,603580.02,604070.01,610560.00,626080.02,641590.03,669870.00,684299.99,,
Rwanda,RWA,Emisiones de metano (kt de equivalente de CO2),EN.ATM.METH.KT.CE,,,,,,,,,,,,,,,,,,,,,,,,,,,,,,,870.00,890.00,860.00,820.00,770.00,640.00,720.00,770.00,860.00,970.00,960.00,1050.00,1090.00,1220.00,1280.00,1310.00,1460.00,1540.00,1650.00,1690.00,1810.00,1680.00,1660.00,1670.00,1660.00,1920.00,1790.00,1800.00,1860.00,1880.00,,
Asia meridional,SAS,Emisiones de metano (kt de equivalente de CO2),EN.ATM.METH.KT.CE,,,,,,,,,,,,,,,,,,,,,,,,,,,,,,,689810.00,697150.02,700869.99,708329.98,714700.02,728130.02,739479.99,748909.98,757559.97,769529.98,773520.02,776399.97,775450.02,789409.99,798969.97,818210.01,835629.98,852189.99,869180.01,871259.98,880440.00,894280.03,896739.98,907430.02,914629.99,922700.01,929740.02,939980.00,952260.00,960800.02,,
Arabia Saudita,SAU,Emisiones de metano (kt de equivalente de CO2),EN.ATM.METH.KT.CE,,,,,,,,,,,,,,,,,,,,,,,,,,,,,,,64040.00,80100.00,82930.00,79280.00,75640.00,76580.00,77810.00,80070.00,80950.00,77770.00,82580.00,80980.00,80470.00,88620.00,89500.00,94140.00,94220.00,92330.00,95590.00,88590.00,91820.00,100450.00,103310.00,102670.00,103430.00,106610.00,111150.00,109740.00,112300.00,110250.00,,
Sudán,SDN,Emisiones de metano (kt de equivalente de CO2),EN.ATM.METH.KT.CE,,,,,,,,,,,,,,,,,,,,,,,,,,,,,,,26860.00,27740.00,30270.00,32500.00,34530.00,35370.00,37000.00,38610.00,40980.00,42820.00,45700.00,44010.00,46210.00,47340.00,49060.00,50810.00,50070.00,52250.00,51800.00,52590.00,51160.00,54780.00,54580.00,54870.00,55040.00,55550.00,54920.00,54780.00,55160.00,55380.00,,
Senegal,SEN,Emisiones de metano (kt de equivalente de CO2),EN.ATM.METH.KT.CE,,,,,,,,,,,,,,,,,,,,,,,,,,,,,,,6570.00,6740.00,6890.00,7080.00,7240.00,7350.00,7670.00,7660.00,7590.00,8050.00,8500.00,8260.00,7920.00,7690.00,8280.00,8550.00,8830.00,8610.00,8990.00,9170.00,9510.00,9730.00,9580.00,9850.00,9850.00,10000.00,10610.00,10850.00,10870.00,11270.00,,
Singapur,SGP,Emisiones de metano (kt de equivalente de CO2),EN.ATM.METH.KT.CE,,,,,,,,,,,,,,,,,,,,,,,,,,,,,,,1280.00,1290.00,1350.00,1410.00,1480.00,1540.00,1580.00,1620.00,1660.00,1700.00,1740.00,1860.00,1970.00,2070.00,2180.00,2280.00,2460.00,2630.00,2810.00,2980.00,3160.00,3300.00,3440.00,3580.00,3720.00,3860.00,3960.00,4060.00,4150.00,4250.00,,
Islas Salomón,SLB,Emisiones de metano (kt de equivalente de CO2),EN.ATM.METH.KT.CE,,,,,,,,,,,,,,,,,,,,,,,,,,,,,,,210.00,220.00,230.00,230.00,240.00,240.00,250.00,250.00,260.00,270.00,270.00,280.00,280.00,290.00,300.00,310.00,310.00,320.00,330.00,340.00,340.00,350.00,360.00,370.00,370.00,380.00,390.00,400.00,400.00,410.00,,
Sierra Leona,SLE,Emisiones de metano (kt de equivalente de CO2),EN.ATM.METH.KT.CE,,,,,,,,,,,,,,,,,,,,,,,,,,,,,,,2340.00,2320.00,2320.00,2390.00,2340.00,2250.00,1870.00,1880.00,1830.00,1690.00,1650.00,2020.00,2280.00,2690.00,2990.00,3150.00,3850.00,3330.00,3030.00,3240.00,3160.00,3440.00,4020.00,3890.00,4140.00,4050.00,4210.00,4130.00,4010.00,3710.00,,
El Salvador,SLV,Emisiones de metano (kt de equivalente de CO2),EN.ATM.METH.KT.CE,,,,,,,,,,,,,,,,,,,,,,,,,,,,,,,3220.00,3290.00,3350.00,3290.00,3400.00,3250.00,3570.00,3470.00,3370.00,3570.00,3260.00,3580.00,3790.00,3770.00,3860.00,3940.00,4060.00,4130.00,4200.00,4130.00,4000.00,3690.00,3860.00,3510.00,3720.00,3690.00,3580.00,3540.00,3500.00,3480.00,,
San Marino,SMR,Emisiones de metano (kt de equivalente de CO2),EN.ATM.METH.KT.CE,,,,,,,,,,,,,,,,,,,,,,,,,,,,,,,,,,,,,,,,,,,,,,,,,,,,,,,,,,,,,,
Somalia,SOM,Emisiones de metano (kt de equivalente de CO2),EN.ATM.METH.KT.CE,,,,,,,,,,,,,,,,,,,,,,,,,,,,,,,17070.00,15170.00,13880.00,15140.00,16340.00,16770.00,17140.00,17480.00,17540.00,17740.00,17920.00,18280.00,18510.00,18650.00,18850.00,19130.00,18290.00,17600.00,17610.00,17630.00,17740.00,17870.00,18090.00,18160.00,18280.00,18350.00,18300.00,18200.00,18190.00,17980.00,,
Serbia,SRB,Emisiones de metano (kt de equivalente de CO2),EN.ATM.METH.KT.CE,,,,,,,,,,,,,,,,,,,,,,,,,,,,,,,15130.00,14850.00,13720.00,13760.00,13620.00,13930.00,14040.00,14040.00,14040.00,13440.00,12580.00,12200.00,12000.00,11840.00,11700.00,11090.00,11160.00,11280.00,11140.00,10970.00,10850.00,10940.00,11050.00,11110.00,11390.00,11520.00,11450.00,11480.00,11440.00,11540.00,,
África al sur del Sahara (excluido altos ingresos),SSA,Emisiones de metano (kt de equivalente de CO2),EN.ATM.METH.KT.CE,,,,,,,,,,,,,,,,,,,,,,,,,,,,,,,545700.00,565690.00,580790.00,589290.00,604070.00,611120.00,620840.00,626080.01,640310.00,635640.00,642150.00,644710.00,661130.01,690190.00,705360.00,732670.00,730690.00,755250.00,774560.00,771660.00,804210.01,816670.00,805279.99,812390.00,824640.01,840260.00,858270.00,867920.00,879270.01,891840.00,,
Sudán del Sur,SSD,Emisiones de metano (kt de equivalente de CO2),EN.ATM.METH.KT.CE,,,,,,,,,,,,,,,,,,,,,,,,,,,,,,,14980.00,15460.00,16840.00,18060.00,19090.00,19540.00,21990.00,24430.00,27280.00,29700.00,32650.00,32830.00,35410.00,37610.00,39590.00,41950.00,42470.00,44770.00,46000.00,47660.00,48100.00,44560.00,28460.00,29630.00,31340.00,31530.00,32000.00,31190.00,32610.00,30170.00,,
África al sur del Sahara,SSF,Emisiones de metano (kt de equivalente de CO2),EN.ATM.METH.KT.CE,,,,,,,,,,,,,,,,,,,,,,,,,,,,,,,545760.00,565750.00,580850.00,589350.00,604130.00,611180.00,620900.00,626150.01,640380.00,635710.00,642220.00,644780.00,661200.01,690270.00,705440.00,732750.00,730770.00,755330.00,774640.00,771740.00,804290.01,816750.00,805369.99,812480.00,824730.01,840350.00,858360.00,868010.00,879360.01,891930.00,,
Pequeños Estados,SST,Emisiones de metano (kt de equivalente de CO2),EN.ATM.METH.KT.CE,,,,,,,,,,,,,,,,,,,,,,,,,,,,,,,60500.00,62460.00,63850.00,63370.00,63280.00,63670.00,64680.00,66560.00,66710.00,66800.00,67250.00,70650.00,70710.00,73220.00,76740.00,79710.00,83340.00,84120.00,90000.00,87890.00,97280.00,102930.00,99190.00,96240.00,96870.00,95970.00,94700.00,95540.00,93910.00,93550.00,,
Santo Tomé y Príncipe,STP,Emisiones de metano (kt de equivalente de CO2),EN.ATM.METH.KT.CE,,,,,,,,,,,,,,,,,,,,,,,,,,,,,,,10.00,10.00,10.00,10.00,10.00,10.00,10.00,10.00,10.00,10.00,10.00,10.00,10.00,10.00,10.00,10.00,10.00,10.00,10.00,10.00,10.00,10.00,10.00,10.00,10.00,10.00,10.00,10.00,10.00,10.00,,
Suriname,SUR,Emisiones de metano (kt de equivalente de CO2),EN.ATM.METH.KT.CE,,,,,,,,,,,,,,,,,,,,,,,,,,,,,,,770.00,850.00,950.00,910.00,950.00,990.00,1010.00,980.00,1000.00,1030.00,1010.00,1050.00,920.00,1000.00,990.00,940.00,1000.00,1030.00,1110.00,1270.00,1300.00,1340.00,1330.00,1350.00,1390.00,1380.00,1400.00,1390.00,1360.00,1420.00,,
República Eslovaca,SVK,Emisiones de metano (kt de equivalente de CO2),EN.ATM.METH.KT.CE,,,,,,,,,,,,,,,,,,,,,,,,,,,,,,,7570.00,7370.00,6960.00,6480.00,6080.00,5910.00,5960.00,5810.00,5740.00,5530.00,5210.00,5080.00,5100.00,5000.00,4990.00,4810.00,4630.00,4530.00,4670.00,4430.00,4530.00,4650.00,4150.00,4320.00,4080.00,4190.00,4270.00,4260.00,4250.00,4410.00,,
Eslovenia,SVN,Emisiones de metano (kt de equivalente de CO2),EN.ATM.METH.KT.CE,,,,,,,,,,,,,,,,,,,,,,,,,,,,,,,2440.00,2400.00,2120.00,2150.00,2120.00,2130.00,2170.00,2130.00,2110.00,2030.00,2160.00,2260.00,2190.00,2230.00,2160.00,2170.00,2100.00,2080.00,2040.00,1930.00,1930.00,1910.00,1860.00,1820.00,1740.00,1780.00,1810.00,1790.00,1740.00,1730.00,,
Suecia,SWE,Emisiones de metano (kt de equivalente de CO2),EN.ATM.METH.KT.CE,,,,,,,,,,,,,,,,,,,,,,,,,,,,,,,8550.00,8490.00,8630.00,8580.00,8450.00,8330.00,8320.00,8270.00,8090.00,7830.00,7670.00,7510.00,7280.00,7090.00,7090.00,6810.00,6660.00,6390.00,6100.00,5940.00,5870.00,5840.00,5700.00,5530.00,5390.00,5210.00,5150.00,5120.00,4880.00,4770.00,,
Eswatini,SWZ,Emisiones de metano (kt de equivalente de CO2),EN.ATM.METH.KT.CE,,,,,,,,,,,,,,,,,,,,,,,,,,,,,,,1170.00,1210.00,1240.00,1120.00,1150.00,1180.00,1210.00,1240.00,1260.00,1260.00,1290.00,1230.00,1270.00,1330.00,1340.00,1360.00,1290.00,1300.00,1270.00,1230.00,1240.00,1250.00,1260.00,1260.00,1270.00,1260.00,1260.00,1280.00,1290.00,1330.00,,
Sint Maarten (Dutch part),SXM,Emisiones de metano (kt de equivalente de CO2),EN.ATM.METH.KT.CE,,,,,,,,,,,,,,,,,,,,,,,,,,,,,,,,,,,,,,,,,,,,,,,,,,,,,,,,,,,,,,
Seychelles,SYC,Emisiones de metano (kt de equivalente de CO2),EN.ATM.METH.KT.CE,,,,,,,,,,,,,,,,,,,,,,,,,,,,,,,60.00,60.00,60.00,60.00,60.00,60.00,60.00,70.00,70.00,70.00,70.00,70.00,70.00,80.00,80.00,80.00,80.00,80.00,80.00,80.00,80.00,80.00,90.00,90.00,90.00,90.00,90.00,90.00,90.00,90.00,,
República Árabe Siria,SYR,Emisiones de metano (kt de equivalente de CO2),EN.ATM.METH.KT.CE,,,,,,,,,,,,,,,,,,,,,,,,,,,,,,,28860.00,33800.00,38020.00,40100.00,41560.00,43290.00,42630.00,43490.00,44650.00,44820.00,44450.00,43560.00,44880.00,44480.00,37520.00,36440.00,35550.00,34930.00,34070.00,35180.00,36570.00,34200.00,24880.00,18590.00,17020.00,16400.00,15820.00,17000.00,15820.00,17040.00,,
Islas Turcas y Caicos,TCA,Emisiones de metano (kt de equivalente de CO2),EN.ATM.METH.KT.CE,,,,,,,,,,,,,,,,,,,,,,,,,,,,,,,,,,,,,,,,,,,,,,,,,,,,,,,,,,,,,,
Chad,TCD,Emisiones de metano (kt de equivalente de CO2),EN.ATM.METH.KT.CE,,,,,,,,,,,,,,,,,,,,,,,,,,,,,,,9070.00,13320.00,13890.00,14500.00,15120.00,15810.00,17430.00,17920.00,18520.00,19710.00,21310.00,21600.00,24680.00,23160.00,26260.00,27600.00,28350.00,29650.00,30620.00,31430.00,33200.00,34920.00,36640.00,38320.00,40060.00,43720.00,46280.00,47770.00,50720.00,52720.00,,
Asia oriental y el Pacífico (BIRF y la AIF),TEA,Emisiones de metano (kt de equivalente de CO2),EN.ATM.METH.KT.CE,,,,,,,,,,,,,,,,,,,,,,,,,,,,,,,1266110.01,1287290.03,1306860.01,1325519.98,1358770.01,1414660.00,1435750.02,1399510.02,1403100.01,1419709.98,1427960.02,1416340.04,1406780.01,1434330.03,1486810.03,1529239.99,1575779.96,1610659.99,1630190.00,1664320.00,1713560.03,1762049.98,1764600.04,1793560.03,1813290.01,1811369.96,1777309.95,1798479.99,1829709.97,1844670.04,,
Europa y Asia central (BIRF y la AIF),TEC,Emisiones de metano (kt de equivalente de CO2),EN.ATM.METH.KT.CE,,,,,,,,,,,,,,,,,,,,,,,,,,,,,,,1163780.01,1120589.99,1035140.01,1001779.99,948519.98,914889.97,891999.97,849369.99,835850.01,844670.01,860909.99,865400.02,882839.99,921890.03,929169.97,946790.01,949830.00,962450.00,971260.01,927210.00,959630.00,979770.02,981250.02,988150.02,987800.01,989489.99,1004740.02,1026280.03,1062240.00,1079309.99,,
Togo,TGO,Emisiones de metano (kt de equivalente de CO2),EN.ATM.METH.KT.CE,,,,,,,,,,,,,,,,,,,,,,,,,,,,,,,1510.00,1430.00,1360.00,1350.00,1360.00,1300.00,1380.00,1580.00,1790.00,1710.00,1810.00,1730.00,1880.00,1940.00,1850.00,2300.00,2110.00,1990.00,2120.00,2220.00,2210.00,2460.00,2420.00,2580.00,2530.00,2750.00,2640.00,2680.00,2720.00,2810.00,,
Tailandia,THA,Emisiones de metano (kt de equivalente de CO2),EN.ATM.METH.KT.CE,,,,,,,,,,,,,,,,,,,,,,,,,,,,,,,54770.00,57140.00,58090.00,57970.00,58290.00,58580.00,59660.00,62990.00,61570.00,64250.00,65390.00,66620.00,65640.00,68740.00,69110.00,71000.00,71420.00,74870.00,75690.00,77260.00,81190.00,80150.00,80950.00,79690.00,75180.00,70880.00,74130.00,73980.00,73740.00,70190.00,,
Tayikistán,TJK,Emisiones de metano (kt de equivalente de CO2),EN.ATM.METH.KT.CE,,,,,,,,,,,,,,,,,,,,,,,,,,,,,,,4990.00,4890.00,4380.00,4100.00,3630.00,3380.00,3120.00,3080.00,2900.00,2790.00,2800.00,2860.00,2880.00,3030.00,3120.00,3310.00,3470.00,3590.00,4040.00,4280.00,4330.00,4480.00,4740.00,4910.00,5020.00,5230.00,5460.00,5540.00,5580.00,5660.00,,
Turkmenistán,TKM,Emisiones de metano (kt de equivalente de CO2),EN.ATM.METH.KT.CE,,,,,,,,,,,,,,,,,,,,,,,,,,,,,,,64460.00,63380.00,43270.00,50980.00,37160.00,37410.00,36940.00,27440.00,27110.00,34840.00,47920.00,48060.00,49800.00,56450.00,60120.00,61680.00,61930.00,64550.00,68800.00,48920.00,53740.00,67470.00,71560.00,77050.00,76040.00,77780.00,75680.00,75560.00,78110.00,80480.00,,
América Latina y el Caribe (BIRF y la AIF),TLA,Emisiones de metano (kt de equivalente de CO2),EN.ATM.METH.KT.CE,,,,,,,,,,,,,,,,,,,,,,,,,,,,,,,825509.98,846610.00,860260.02,876689.99,893320.01,914890.01,920770.01,943270.00,954800.00,950600.01,968349.99,987739.99,1007370.00,1033690.01,1070890.00,1089610.01,1093569.99,1098700.00,1105300.01,1097060.00,1114090.00,1118390.01,1138870.00,1136999.99,1152950.00,1160230.00,1155490.01,1138050.02,1117919.98,1113750.01,,
Timor-Leste,TLS,Emisiones de metano (kt de equivalente de CO2),EN.ATM.METH.KT.CE,,,,,,,,,,,,,,,,,,,,,,,,,,,,,,,330.00,390.00,380.00,400.00,450.00,470.00,490.00,480.00,500.00,420.00,480.00,1510.00,2380.00,3260.00,4020.00,4980.00,5330.00,5620.00,5980.00,6270.00,6570.00,6450.00,6370.00,6180.00,6070.00,5990.00,5750.00,5460.00,5210.00,5010.00,,
Oriente Medio y Norte de África (BIRF y la AIF),TMN,Emisiones de metano (kt de equivalente de CO2),EN.ATM.METH.KT.CE,,,,,,,,,,,,,,,,,,,,,,,,,,,,,,,362460.00,346180.00,355480.00,378530.00,398860.01,413329.99,422899.99,439829.99,461290.01,476940.00,496010.00,487510.00,481140.00,496699.99,517580.00,532109.99,546910.01,556960.01,564250.00,562700.00,577409.99,542100.00,579240.00,554250.00,551400.00,559549.99,602610.01,637510.00,649650.00,636649.99,,
Tonga,TON,Emisiones de metano (kt de equivalente de CO2),EN.ATM.METH.KT.CE,,,,,,,,,,,,,,,,,,,,,,,,,,,,,,,120.00,120.00,130.00,120.00,120.00,110.00,110.00,100.00,100.00,90.00,90.00,90.00,90.00,90.00,90.00,90.00,90.00,90.00,90.00,90.00,90.00,90.00,90.00,90.00,90.00,90.00,90.00,90.00,90.00,90.00,,
Asia meridional (BIRF y la AIF),TSA,Emisiones de metano (kt de equivalente de CO2),EN.ATM.METH.KT.CE,,,,,,,,,,,,,,,,,,,,,,,,,,,,,,,689810.00,697150.02,700869.99,708329.98,714700.02,728130.02,739479.99,748909.98,757559.97,769529.98,773520.02,776399.97,775450.02,789409.99,798969.97,818210.01,835629.98,852189.99,869180.01,871259.98,880440.00,894280.03,896739.98,907430.02,914629.99,922700.01,929740.02,939980.00,952260.00,960800.02,,
África al sur del Sahara (BIRF y la AIF),TSS,Emisiones de metano (kt de equivalente de CO2),EN.ATM.METH.KT.CE,,,,,,,,,,,,,,,,,,,,,,,,,,,,,,,545760.00,565750.00,580850.00,589350.00,604130.00,611180.00,620900.00,626150.01,640380.00,635710.00,642220.00,644780.00,661200.01,690270.00,705440.00,732750.00,730770.00,755330.00,774640.00,771740.00,804290.01,816750.00,805369.99,812480.00,824730.01,840350.00,858360.00,868010.00,879360.01,891930.00,,
Trinidad y Tobago,TTO,Emisiones de metano (kt de equivalente de CO2),EN.ATM.METH.KT.CE,,,,,,,,,,,,,,,,,,,,,,,,,,,,,,,6640.00,6650.00,6460.00,4750.00,3250.00,3010.00,3400.00,3300.00,3410.00,3780.00,4180.00,4480.00,5000.00,5970.00,6300.00,6830.00,7750.00,7930.00,7920.00,7940.00,8160.00,8120.00,8150.00,8180.00,8110.00,7650.00,6820.00,6850.00,7020.00,7010.00,,
Túnez,TUN,Emisiones de metano (kt de equivalente de CO2),EN.ATM.METH.KT.CE,,,,,,,,,,,,,,,,,,,,,,,,,,,,,,,4750.00,4940.00,5190.00,5050.00,4820.00,4940.00,5320.00,5390.00,5720.00,6020.00,6180.00,6210.00,6260.00,6180.00,6350.00,6460.00,6640.00,6960.00,7050.00,7100.00,7320.00,7330.00,7450.00,7370.00,7410.00,7140.00,6950.00,6830.00,6930.00,6870.00,,
Turquía,TUR,Emisiones de metano (kt de equivalente de CO2),EN.ATM.METH.KT.CE,,,,,,,,,,,,,,,,,,,,,,,,,,,,,,,38200.00,37040.00,37730.00,37570.00,37030.00,36960.00,36890.00,37650.00,37210.00,38150.00,38770.00,37970.00,37340.00,37020.00,37080.00,38450.00,39800.00,42270.00,42830.00,42410.00,42380.00,43990.00,45460.00,44420.00,46620.00,42510.00,44560.00,44970.00,47090.00,48520.00,,
Tuvalu,TUV,Emisiones de metano (kt de equivalente de CO2),EN.ATM.METH.KT.CE,,,,,,,,,,,,,,,,,,,,,,,,,,,,,,,10.00,10.00,10.00,10.00,10.00,10.00,10.00,10.00,10.00,10.00,10.00,10.00,10.00,10.00,10.00,10.00,10.00,10.00,10.00,10.00,10.00,10.00,10.00,10.00,10.00,10.00,10.00,10.00,10.00,10.00,,
Tanzanía,TZA,Emisiones de metano (kt de equivalente de CO2),EN.ATM.METH.KT.CE,,,,,,,,,,,,,,,,,,,,,,,,,,,,,,,21860.00,22010.00,22000.00,22440.00,23070.00,25250.00,24030.00,23850.00,26210.00,26970.00,25860.00,26570.00,28970.00,31420.00,30770.00,32480.00,31300.00,32360.00,34090.00,34390.00,36390.00,38010.00,38530.00,40340.00,41160.00,43010.00,42880.00,42110.00,42570.00,43640.00,,
Uganda,UGA,Emisiones de metano (kt de equivalente de CO2),EN.ATM.METH.KT.CE,,,,,,,,,,,,,,,,,,,,,,,,,,,,,,,7880.00,8320.00,8560.00,8760.00,8590.00,9010.00,9550.00,10160.00,10750.00,10510.00,10780.00,11020.00,11610.00,12720.00,12890.00,13720.00,13030.00,14100.00,18260.00,18690.00,19690.00,19510.00,20360.00,20470.00,20950.00,21890.00,22300.00,22840.00,23540.00,23980.00,,
Ucrania,UKR,Emisiones de metano (kt de equivalente de CO2),EN.ATM.METH.KT.CE,,,,,,,,,,,,,,,,,,,,,,,,,,,,,,,92310.00,89500.00,81610.00,77950.00,74310.00,69950.00,66070.00,60250.00,53880.00,52250.00,49890.00,47370.00,47620.00,47380.00,44910.00,43510.00,41780.00,41510.00,39610.00,36590.00,38060.00,36840.00,36350.00,36780.00,35300.00,33360.00,33130.00,32960.00,33150.00,32680.00,,
Ingreso mediano alto,UMC,Emisiones de metano (kt de equivalente de CO2),EN.ATM.METH.KT.CE,,,,,,,,,,,,,,,,,,,,,,,,,,,,,,,2612370.01,2567180.02,2514500.01,2517989.97,2518520.00,2545549.96,2528740.00,2471650.02,2492730.02,2510940.00,2547189.99,2560670.05,2585800.02,2679450.05,2780369.98,2855790.01,2907539.97,2965489.99,3010170.01,2999330.00,3111910.03,3153000.04,3209980.07,3216870.03,3237340.01,3259979.98,3254219.97,3308470.03,3374169.94,3427670.02,,
Uruguay,URY,Emisiones de metano (kt de equivalente de CO2),EN.ATM.METH.KT.CE,,,,,,,,,,,,,,,,,,,,,,,,,,,,,,,18110.00,18950.00,19910.00,20590.00,20770.00,20660.00,20950.00,20690.00,20240.00,20440.00,20080.00,20060.00,20790.00,21310.00,21880.00,22040.00,22790.00,22320.00,22820.00,22410.00,21370.00,21620.00,21060.00,21190.00,21520.00,21530.00,21650.00,21330.00,20920.00,20740.00,,
Estados Unidos,USA,Emisiones de metano (kt de equivalente de CO2),EN.ATM.METH.KT.CE,,,,,,,,,,,,,,,,,,,,,,,,,,,,,,,649960.02,651919.98,654789.98,647770.02,660090.03,657870.00,655479.98,646690.00,634419.98,621900.02,617289.98,611560.00,604830.02,605289.98,604719.97,606620.00,607609.99,612919.98,621109.99,610500.00,627739.99,632760.01,643719.97,646169.98,669719.97,670489.99,652349.98,668390.01,709400.02,744510.01,,
Uzbekistán,UZB,Emisiones de metano (kt de equivalente de CO2),EN.ATM.METH.KT.CE,,,,,,,,,,,,,,,,,,,,,,,,,,,,,,,36360.00,36870.00,33490.00,35350.00,37730.00,36790.00,37170.00,37520.00,38840.00,39100.00,39190.00,40220.00,42230.00,41890.00,42780.00,42550.00,44570.00,44290.00,46660.00,45400.00,46900.00,47100.00,47050.00,46490.00,45250.00,45510.00,48460.00,49340.00,53530.00,53980.00,,
San Vicente y las Granadinas,VCT,Emisiones de metano (kt de equivalente de CO2),EN.ATM.METH.KT.CE,,,,,,,,,,,,,,,,,,,,,,,,,,,,,,,70.00,70.00,70.00,70.00,70.00,70.00,70.00,70.00,70.00,70.00,70.00,70.00,70.00,70.00,70.00,70.00,70.00,70.00,70.00,70.00,70.00,70.00,70.00,70.00,70.00,70.00,70.00,70.00,70.00,70.00,,
Venezuela,VEN,Emisiones de metano (kt de equivalente de CO2),EN.ATM.METH.KT.CE,,,,,,,,,,,,,,,,,,,,,,,,,,,,,,,132039.99,142720.00,143570.01,148670.00,153200.00,166210.01,180880.00,192149.99,195870.00,182920.00,189770.00,189929.99,180830.00,172700.00,185380.00,190630.00,189390.00,188179.99,190390.00,179759.99,175899.99,177420.00,191340.00,193750.00,192120.00,185860.00,176070.01,157080.00,138170.00,119240.00,,
Islas Vírgenes Británicas,VGB,Emisiones de metano (kt de equivalente de CO2),EN.ATM.METH.KT.CE,,,,,,,,,,,,,,,,,,,,,,,,,,,,,,,,,,,,,,,,,,,,,,,,,,,,,,,,,,,,,,
Islas Vírgenes (EE.UU.),VIR,Emisiones de metano (kt de equivalente de CO2),EN.ATM.METH.KT.CE,,,,,,,,,,,,,,,,,,,,,,,,,,,,,,,,,,,,,,,,,,,,,,,,,,,,,,,,,,,,,,
Viet Nam,VNM,Emisiones de metano (kt de equivalente de CO2),EN.ATM.METH.KT.CE,,,,,,,,,,,,,,,,,,,,,,,,,,,,,,,43190.00,45120.00,46590.00,47850.00,48120.00,51050.00,53860.00,55980.00,59070.00,62210.00,63960.00,64360.00,66210.00,68150.00,72400.00,75120.00,77590.00,78920.00,79450.00,81500.00,82380.00,83190.00,83430.00,84320.00,84410.00,83530.00,81440.00,81100.00,81230.00,80480.00,,
Vanuatu,VUT,Emisiones de metano (kt de equivalente de CO2),EN.ATM.METH.KT.CE,,,,,,,,,,,,,,,,,,,,,,,,,,,,,,,320.00,330.00,340.00,360.00,370.00,370.00,370.00,380.00,380.00,380.00,370.00,360.00,360.00,370.00,380.00,390.00,400.00,450.00,460.00,440.00,450.00,460.00,470.00,470.00,480.00,490.00,490.00,500.00,500.00,510.00,,
Mundo,WLD,Emisiones de metano (kt de equivalente de CO2),EN.ATM.METH.KT.CE,,,,,,,,,,,,,,,,,,,,,,,,,,,,,,,6517150.03,6535280.03,6515270.00,6547249.97,6598430.06,6676149.98,6706509.95,6675079.99,6704179.97,6738360.00,6819170.00,6822820.02,6839240.06,6958240.03,7114869.95,7237340.00,7339199.93,7436429.97,7502250.00,7454479.97,7620180.02,7743640.06,7810950.00,7802430.02,7885149.98,7926669.96,7948159.98,8065920.05,8189629.99,8242600.05,,
Samoa,WSM,Emisiones de metano (kt de equivalente de CO2),EN.ATM.METH.KT.CE,,,,,,,,,,,,,,,,,,,,,,,,,,,,,,,210.00,210.00,200.00,210.00,240.00,240.00,240.00,240.00,240.00,240.00,240.00,260.00,260.00,260.00,260.00,260.00,260.00,260.00,260.00,260.00,270.00,280.00,280.00,280.00,290.00,300.00,310.00,300.00,310.00,310.00,,
Kosovo,XKX,Emisiones de metano (kt de equivalente de CO2),EN.ATM.METH.KT.CE,,,,,,,,,,,,,,,,,,,,,,,,,,,,,,,,,,,,,,,,,,,,,,,,,,,,,,,,,,,,,,
Yemen Rep. del,YEM,Emisiones de metano (kt de equivalente de CO2),EN.ATM.METH.KT.CE,,,,,,,,,,,,,,,,,,,,,,,,,,,,,,,8890.00,8900.00,8750.00,10660.00,14730.00,14660.00,15030.00,15830.00,16210.00,17340.00,19320.00,19420.00,19470.00,20220.00,19590.00,20470.00,20810.00,19940.00,18710.00,19440.00,23050.00,22330.00,19800.00,22360.00,20950.00,12260.00,9350.00,10140.00,10620.00,10610.00,,
Sudáfrica,ZAF,Emisiones de metano (kt de equivalente de CO2),EN.ATM.METH.KT.CE,,,,,,,,,,,,,,,,,,,,,,,,,,,,,,,63190.00,64120.00,63750.00,65740.00,66740.00,67300.00,66900.00,68260.00,68060.00,66860.00,65520.00,63640.00,66300.00,68920.00,70340.00,72060.00,72110.00,74200.00,76110.00,76490.00,77260.00,77260.00,79210.00,79030.00,79920.00,79160.00,78740.00,80110.00,79840.00,80130.00,,
Zambia,ZMB,Emisiones de metano (kt de equivalente de CO2),EN.ATM.METH.KT.CE,,,,,,,,,,,,,,,,,,,,,,,,,,,,,,,12030.00,12190.00,12270.00,12180.00,12060.00,11980.00,11250.00,11500.00,12480.00,11930.00,11540.00,11830.00,12800.00,13840.00,13840.00,14460.00,13430.00,13710.00,13820.00,13330.00,14410.00,13870.00,15460.00,15730.00,15590.00,15820.00,15640.00,15020.00,15250.00,15620.00,,
Zimbabwe,ZWE,Emisiones de metano (kt de equivalente de CO2),EN.ATM.METH.KT.CE,,,,,,,,,,,,,,,,,,,,,,,,,,,,,,,9610.00,8720.00,9330.00,7800.00,8470.00,8870.00,10340.00,10450.00,11140.00,11670.00,11650.00,11840.00,11110.00,10970.00,11190.00,11200.00,10950.00,11230.00,11370.00,11830.00,12270.00,12640.00,12460.00,12340.00,11370.00,12260.00,11870.00,12060.00,12340.00,12550.00,,
